batch_id,route_id,device_id,formed_time,total_volume_l,producer_ids,quality_test_result
B-001,R-001,LOG-001,2026-03-02T08:39:00,186.2,P-0101|P-0102|P-0103|P-0104|P-0105,PASS
B-002,R-002,LOG-002,2026-03-02T08:55:00,158.7,P-0201|P-0203|P-0204|P-0206|P-0207,PASS
B-003,R-003,LOG-003,2026-03-02T08:26:00,187.1,P-0301|P-0302|P-0303|P-0304|P-0305,PASS
B-004,R-004,LOG-004,2026-03-02T09:04:00,236.8,P-0401|P-0402|P-0403|P-0404|P-0405,PASS
B-005,R-005,LOG-005,2026-03-02T08:15:00,176.7,P-0501|P-0502|P-0503|P-0504|P-0505,PASS
B-006,R-006,LOG-006,2026-03-02T10:01:00,385.6,P-0601|P-0602|P-0603|P-0604|P-0605|P-0606|P-0607|P-0608|P-0609,PASS
B-007,R-007,LOG-007,2026-03-02T10:02:00,424.2,P-0701|P-0702|P-0703|P-0704|P-0705|P-0706|P-0707|P-0708,PASS
B-008,R-008,LOG-008,2026-03-02T10:10:00,286.8,P-0801|P-0802|P-0803|P-0804|P-0805|P-0806|P-0807|P-0808,PASS
B-009,R-009,LOG-009,2026-03-02T09:45:00,293.7,P-0901|P-0902|P-0904|P-0905|P-0906|P-0907|P-0909,PASS
B-010,R-010,LOG-010,2026-03-02T08:56:00,249.3,P-1001|P-1002|P-1003|P-1004|P-1005|P-1006,FLAG-ACIDITY
B-011,R-011,LOG-011,2026-03-02T09:01:00,268.1,P-1101|P-1102|P-1103|P-1105|P-1106|P-1107,FLAG-ACIDITY
B-012,R-012,LOG-012,2026-03-02T09:07:00,239.6,P-1201|P-1202|P-1203|P-1204|P-1205|P-1206,PASS
B-013,R-013,LOG-013,2026-03-02T09:31:00,206.4,P-1301|P-1302|P-1304|P-1305|P-1306,PASS
B-014,R-014,LOG-014,2026-03-02T09:53:00,300.7,P-1401|P-1402|P-1403|P-1405|P-1406|P-1408|P-1409,PASS
B-015,R-015,LOG-015,2026-03-02T09:10:00,213.6,P-1501|P-1502|P-1503|P-1504|P-1505,PASS
B-016,R-016,LOG-016,2026-03-02T08:50:00,263.3,P-1601|P-1602|P-1603|P-1604|P-1605|P-1606,PASS
B-017,R-017,LOG-017,2026-03-02T08:48:00,228.9,P-1701|P-1702|P-1703|P-1704|P-1705|P-1706,PASS
B-018,R-018,LOG-018,2026-03-02T09:08:00,280.5,P-1801|P-1802|P-1803|P-1804|P-1805|P-1806|P-1807,PASS
B-019,R-019,LOG-019,2026-03-02T10:00:00,176.5,P-1901|P-1904|P-1905|P-1906|P-1907,PASS
B-020,R-020,LOG-020,2026-03-02T08:45:00,214.5,P-2001|P-2002|P-2004|P-2006|P-2007,PASS
B-021,R-021,LOG-021,2026-03-02T08:50:00,313.1,P-2101|P-2102|P-2103|P-2104|P-2105|P-2106,PASS
B-022,R-022,LOG-022,2026-03-02T08:47:00,221.4,P-2201|P-2202|P-2203|P-2204|P-2205,PASS
B-023,R-023,LOG-023,2026-03-02T09:54:00,218.4,P-2301|P-2302|P-2303|P-2304|P-2305|P-2306,PASS
B-024,R-024,LOG-024,2026-03-02T08:24:00,184.9,P-2401|P-2402|P-2403|P-2404|P-2405,FLAG-ACIDITY
B-025,R-025,LOG-025,2026-03-02T09:47:00,251.2,P-2501|P-2502|P-2503|P-2504|P-2505|P-2506|P-2507,PASS
B-026,R-026,LOG-026,2026-03-02T09:47:00,272.1,P-2601|P-2602|P-2603|P-2604|P-2605|P-2606|P-2608,PASS
B-027,R-027,LOG-027,2026-03-02T09:50:00,303.9,P-2701|P-2702|P-2703|P-2704|P-2706|P-2707|P-2708|P-2709,PASS
B-028,R-028,LOG-028,2026-03-02T08:28:00,175.3,P-2801|P-2802|P-2803|P-2805|P-2806,PASS
B-029,R-029,LOG-029,2026-03-02T10:22:00,243.9,P-2901|P-2902|P-2903|P-2905|P-2906|P-2908,PASS
B-030,R-030,LOG-030,2026-03-02T09:27:00,212.7,P-3001|P-3002|P-3003|P-3004|P-3005,PASS
