device_id,last_calibration_date,calibration_interval_days,calibration_offset_c,next_due_date,technician
LOG-001,2026-01-14,180,0.22,2026-07-13,S.Kumar
LOG-002,2025-03-09,180,0.18,2025-09-05,S.Kumar
LOG-003,2026-02-15,180,-0.1,2026-08-14,P.Naidu
LOG-004,2025-12-30,180,0.03,2026-06-28,S.Kumar
LOG-005,2026-01-15,180,0.12,2026-07-14,P.Naidu
LOG-006,2025-04-06,180,0.24,2025-10-03,P.Naidu
LOG-007,2025-07-21,180,-0.26,2026-01-17,A.Rao
LOG-008,2025-12-13,180,-0.27,2026-06-11,P.Naidu
LOG-009,2026-02-03,180,-0.07,2026-08-02,S.Kumar
LOG-010,2025-11-20,180,0.22,2026-05-19,A.Rao
LOG-011,2025-11-14,180,-0.16,2026-05-13,S.Kumar
LOG-012,2026-01-26,180,0.24,2026-07-25,S.Kumar
LOG-013,2025-10-07,180,-0.25,2026-04-05,A.Rao
LOG-014,2025-10-26,180,0.04,2026-04-24,P.Naidu
LOG-015,2025-07-01,180,0.25,2025-12-28,S.Kumar
LOG-016,2025-11-12,180,0.15,2026-05-11,A.Rao
LOG-017,2025-11-22,180,-0.09,2026-05-21,S.Kumar
LOG-018,2025-10-15,180,-0.13,2026-04-13,A.Rao
LOG-019,2025-11-13,180,0.23,2026-05-12,A.Rao
LOG-020,2025-12-11,180,-0.16,2026-06-09,S.Kumar
LOG-021,2026-01-16,180,-0.25,2026-07-15,S.Kumar
LOG-022,2025-12-24,180,-0.05,2026-06-22,P.Naidu
LOG-023,2025-12-03,180,0.25,2026-06-01,S.Kumar
LOG-024,2026-01-18,180,-0.18,2026-07-17,A.Rao
LOG-025,2025-12-31,180,0.22,2026-06-29,S.Kumar
LOG-026,2025-10-09,180,0.25,2026-04-07,S.Kumar
LOG-027,2026-01-14,180,0.09,2026-07-13,P.Naidu
LOG-028,2025-12-01,180,-0.26,2026-05-30,P.Naidu
LOG-029,2026-01-21,180,-0.19,2026-07-20,A.Rao
LOG-030,2025-12-01,180,0.23,2026-05-30,S.Kumar
