route_id,batch_id,device_id,true_cold_chain_excursion,true_custody_gap,true_missed_stop,true_calibration_expired
R-001,B-001,LOG-001,True,False,False,False
R-002,B-002,LOG-002,True,False,True,True
R-003,B-003,LOG-003,False,False,False,False
R-004,B-004,LOG-004,False,False,False,False
R-005,B-005,LOG-005,False,False,False,False
R-006,B-006,LOG-006,True,False,False,True
R-007,B-007,LOG-007,False,False,False,True
R-008,B-008,LOG-008,True,False,True,False
R-009,B-009,LOG-009,False,False,True,False
R-010,B-010,LOG-010,False,True,False,False
R-011,B-011,LOG-011,False,False,True,False
R-012,B-012,LOG-012,False,False,False,False
R-013,B-013,LOG-013,False,False,True,False
R-014,B-014,LOG-014,False,False,True,False
R-015,B-015,LOG-015,False,False,False,True
R-016,B-016,LOG-016,False,False,False,False
R-017,B-017,LOG-017,False,False,False,False
R-018,B-018,LOG-018,False,False,False,False
R-019,B-019,LOG-019,True,False,True,False
R-020,B-020,LOG-020,True,False,True,False
R-021,B-021,LOG-021,True,True,False,False
R-022,B-022,LOG-022,True,False,False,False
R-023,B-023,LOG-023,True,False,False,False
R-024,B-024,LOG-024,False,False,False,False
R-025,B-025,LOG-025,False,True,False,False
R-026,B-026,LOG-026,False,False,True,False
R-027,B-027,LOG-027,False,False,True,False
R-028,B-028,LOG-028,False,True,True,False
R-029,B-029,LOG-029,True,False,True,False
R-030,B-030,LOG-030,True,False,True,False
