handover_id,route_id,stage,producer_id,from_party,to_party,quantity_l,event_time,signature_captured,note
HO-001-01,R-001,producer_to_driver,P-0101,P-0101,Ravi K.,22.8,2026-03-02T06:08:00,YES,
HO-001-02,R-001,producer_to_driver,P-0102,P-0102,Ravi K.,25.6,2026-03-02T06:22:00,YES,
HO-001-03,R-001,producer_to_driver,P-0103,P-0103,Ravi K.,28.0,2026-03-02T06:50:00,YES,
HO-001-04,R-001,producer_to_driver,P-0104,P-0104,Ravi K.,63.6,2026-03-02T07:24:00,YES,
HO-001-05,R-001,producer_to_driver,P-0105,P-0105,Ravi K.,46.2,2026-03-02T08:03:00,YES,
HO-001-PLANT,R-001,driver_to_plant,,Ravi K.,PLANT-GATE,186.2,2026-03-02T08:29:00,YES,
HO-002-01,R-002,producer_to_driver,P-0201,P-0201,Lakshmi P.,23.7,2026-03-02T05:33:00,YES,
HO-002-03,R-002,producer_to_driver,P-0203,P-0203,Lakshmi P.,56.0,2026-03-02T06:18:00,YES,
HO-002-04,R-002,producer_to_driver,P-0204,P-0204,Lakshmi P.,25.3,2026-03-02T06:21:00,YES,
HO-002-06,R-002,producer_to_driver,P-0206,P-0206,Lakshmi P.,31.4,2026-03-02T07:28:00,YES,
HO-002-07,R-002,producer_to_driver,P-0207,P-0207,Lakshmi P.,22.3,2026-03-02T08:01:00,YES,
HO-002-PLANT,R-002,driver_to_plant,,Lakshmi P.,PLANT-GATE,158.7,2026-03-02T08:45:00,YES,
HO-003-01,R-003,producer_to_driver,P-0301,P-0301,Suresh N.,49.3,2026-03-02T06:00:00,YES,
HO-003-02,R-003,producer_to_driver,P-0302,P-0302,Suresh N.,27.4,2026-03-02T06:33:00,YES,
HO-003-03,R-003,producer_to_driver,P-0303,P-0303,Suresh N.,19.8,2026-03-02T06:51:00,YES,
HO-003-04,R-003,producer_to_driver,P-0304,P-0304,Suresh N.,51.8,2026-03-02T07:09:00,YES,
HO-003-05,R-003,producer_to_driver,P-0305,P-0305,Suresh N.,38.8,2026-03-02T07:28:00,YES,
HO-003-PLANT,R-003,driver_to_plant,,Suresh N.,PLANT-GATE,187.1,2026-03-02T08:16:00,YES,
HO-004-01,R-004,producer_to_driver,P-0401,P-0401,Suresh N.,54.6,2026-03-02T06:02:00,YES,
HO-004-02,R-004,producer_to_driver,P-0402,P-0402,Suresh N.,53.3,2026-03-02T06:33:00,YES,
HO-004-03,R-004,producer_to_driver,P-0403,P-0403,Suresh N.,36.3,2026-03-02T07:14:00,YES,
HO-004-04,R-004,producer_to_driver,P-0404,P-0404,Suresh N.,64.1,2026-03-02T07:28:00,YES,
HO-004-05,R-004,producer_to_driver,P-0405,P-0405,Suresh N.,28.5,2026-03-02T07:56:00,YES,
HO-004-PLANT,R-004,driver_to_plant,,Suresh N.,PLANT-GATE,236.8,2026-03-02T08:54:00,YES,
HO-005-01,R-005,producer_to_driver,P-0501,P-0501,Lakshmi P.,21.6,2026-03-02T05:47:00,YES,
HO-005-02,R-005,producer_to_driver,P-0502,P-0502,Lakshmi P.,51.2,2026-03-02T06:15:00,YES,
HO-005-03,R-005,producer_to_driver,P-0503,P-0503,Lakshmi P.,28.0,2026-03-02T06:42:00,YES,
HO-005-04,R-005,producer_to_driver,P-0504,P-0504,Lakshmi P.,44.0,2026-03-02T06:58:00,YES,
HO-005-05,R-005,producer_to_driver,P-0505,P-0505,Lakshmi P.,31.9,2026-03-02T07:30:00,YES,
HO-005-PLANT,R-005,driver_to_plant,,Lakshmi P.,PLANT-GATE,176.7,2026-03-02T08:05:00,YES,
HO-006-01,R-006,producer_to_driver,P-0601,P-0601,Lakshmi P.,22.0,2026-03-02T06:07:00,YES,
HO-006-02,R-006,producer_to_driver,P-0602,P-0602,Lakshmi P.,31.7,2026-03-02T06:28:00,YES,
HO-006-03,R-006,producer_to_driver,P-0603,P-0603,Lakshmi P.,50.9,2026-03-02T06:58:00,YES,
HO-006-04,R-006,producer_to_driver,P-0604,P-0604,Lakshmi P.,37.2,2026-03-02T07:26:00,YES,
HO-006-05,R-006,producer_to_driver,P-0605,P-0605,Lakshmi P.,53.7,2026-03-02T07:41:00,YES,
HO-006-06,R-006,producer_to_driver,P-0606,P-0606,Lakshmi P.,64.1,2026-03-02T08:05:00,YES,
HO-006-07,R-006,producer_to_driver,P-0607,P-0607,Lakshmi P.,58.9,2026-03-02T08:32:00,YES,
HO-006-08,R-006,producer_to_driver,P-0608,P-0608,Lakshmi P.,33.9,2026-03-02T08:58:00,YES,
HO-006-09,R-006,producer_to_driver,P-0609,P-0609,Lakshmi P.,33.2,2026-03-02T09:10:00,YES,
HO-006-PLANT,R-006,driver_to_plant,,Lakshmi P.,PLANT-GATE,385.6,2026-03-02T09:51:00,YES,
HO-007-01,R-007,producer_to_driver,P-0701,P-0701,Lakshmi P.,48.0,2026-03-02T06:10:00,YES,
HO-007-02,R-007,producer_to_driver,P-0702,P-0702,Lakshmi P.,57.1,2026-03-02T06:31:00,YES,
HO-007-03,R-007,producer_to_driver,P-0703,P-0703,Lakshmi P.,55.0,2026-03-02T07:11:00,YES,
HO-007-04,R-007,producer_to_driver,P-0704,P-0704,Lakshmi P.,43.2,2026-03-02T07:39:00,YES,
HO-007-05,R-007,producer_to_driver,P-0705,P-0705,Lakshmi P.,62.5,2026-03-02T08:07:00,YES,
HO-007-06,R-007,producer_to_driver,P-0706,P-0706,Lakshmi P.,58.2,2026-03-02T08:18:00,YES,
HO-007-07,R-007,producer_to_driver,P-0707,P-0707,Lakshmi P.,45.6,2026-03-02T08:43:00,YES,
HO-007-08,R-007,producer_to_driver,P-0708,P-0708,Lakshmi P.,54.6,2026-03-02T09:18:00,YES,
HO-007-PLANT,R-007,driver_to_plant,,Lakshmi P.,PLANT-GATE,424.2,2026-03-02T09:52:00,YES,
HO-008-01,R-008,producer_to_driver,P-0801,P-0801,Lakshmi P.,39.3,2026-03-02T06:31:00,YES,
HO-008-02,R-008,producer_to_driver,P-0802,P-0802,Lakshmi P.,21.2,2026-03-02T06:39:00,YES,
HO-008-03,R-008,producer_to_driver,P-0803,P-0803,Lakshmi P.,28.5,2026-03-02T06:56:00,YES,
HO-008-04,R-008,producer_to_driver,P-0804,P-0804,Lakshmi P.,24.7,2026-03-02T07:31:00,YES,
HO-008-05,R-008,producer_to_driver,P-0805,P-0805,Lakshmi P.,34.2,2026-03-02T07:58:00,YES,
HO-008-06,R-008,producer_to_driver,P-0806,P-0806,Lakshmi P.,21.4,2026-03-02T08:26:00,YES,
HO-008-07,R-008,producer_to_driver,P-0807,P-0807,Lakshmi P.,58.9,2026-03-02T08:37:00,YES,
HO-008-08,R-008,producer_to_driver,P-0808,P-0808,Lakshmi P.,58.6,2026-03-02T08:53:00,YES,
HO-008-PLANT,R-008,driver_to_plant,,Lakshmi P.,PLANT-GATE,286.8,2026-03-02T10:00:00,YES,
HO-009-01,R-009,producer_to_driver,P-0901,P-0901,Lakshmi P.,31.4,2026-03-02T06:00:00,YES,
HO-009-02,R-009,producer_to_driver,P-0902,P-0902,Lakshmi P.,48.4,2026-03-02T06:19:00,YES,
HO-009-04,R-009,producer_to_driver,P-0904,P-0904,Lakshmi P.,39.7,2026-03-02T07:18:00,YES,
HO-009-05,R-009,producer_to_driver,P-0905,P-0905,Lakshmi P.,22.3,2026-03-02T07:44:00,YES,
HO-009-06,R-009,producer_to_driver,P-0906,P-0906,Lakshmi P.,60.6,2026-03-02T08:13:00,YES,
HO-009-07,R-009,producer_to_driver,P-0907,P-0907,Lakshmi P.,26.8,2026-03-02T08:26:00,YES,
HO-009-09,R-009,producer_to_driver,P-0909,P-0909,Lakshmi P.,64.5,2026-03-02T08:58:00,YES,
HO-009-PLANT,R-009,driver_to_plant,,Lakshmi P.,PLANT-GATE,293.7,2026-03-02T09:35:00,YES,
HO-010-01,R-010,producer_to_driver,P-1001,P-1001,Suresh N.,33.4,2026-03-02T05:59:00,YES,
HO-010-02,R-010,producer_to_driver,P-1002,P-1002,Suresh N.,19.6,2026-03-02T06:18:00,YES,
HO-010-03,R-010,producer_to_driver,P-1003,P-1003,Suresh N.,30.3,2026-03-02T06:50:00,YES,
HO-010-04,R-010,producer_to_driver,P-1004,P-1004,Suresh N.,51.5,,NO,signature/device fault - custody gap
HO-010-05,R-010,producer_to_driver,P-1005,P-1005,Suresh N.,56.7,2026-03-02T07:42:00,YES,
HO-010-06,R-010,producer_to_driver,P-1006,P-1006,Suresh N.,57.8,2026-03-02T07:59:00,YES,
HO-010-PLANT,R-010,driver_to_plant,,Suresh N.,PLANT-GATE,249.3,2026-03-02T08:46:00,YES,
HO-011-01,R-011,producer_to_driver,P-1101,P-1101,Lakshmi P.,48.2,2026-03-02T06:25:00,YES,
HO-011-02,R-011,producer_to_driver,P-1102,P-1102,Lakshmi P.,23.8,2026-03-02T06:43:00,YES,
HO-011-03,R-011,producer_to_driver,P-1103,P-1103,Lakshmi P.,63.4,2026-03-02T06:51:00,YES,
HO-011-05,R-011,producer_to_driver,P-1105,P-1105,Lakshmi P.,33.4,2026-03-02T07:42:00,YES,
HO-011-06,R-011,producer_to_driver,P-1106,P-1106,Lakshmi P.,40.3,2026-03-02T07:55:00,YES,
HO-011-07,R-011,producer_to_driver,P-1107,P-1107,Lakshmi P.,59.0,2026-03-02T08:10:00,YES,
HO-011-PLANT,R-011,driver_to_plant,,Lakshmi P.,PLANT-GATE,268.1,2026-03-02T08:51:00,YES,
HO-012-01,R-012,producer_to_driver,P-1201,P-1201,Mahesh R.,31.5,2026-03-02T06:03:00,YES,
HO-012-02,R-012,producer_to_driver,P-1202,P-1202,Mahesh R.,29.4,2026-03-02T06:33:00,YES,
HO-012-03,R-012,producer_to_driver,P-1203,P-1203,Mahesh R.,43.2,2026-03-02T06:55:00,YES,
HO-012-04,R-012,producer_to_driver,P-1204,P-1204,Mahesh R.,59.8,2026-03-02T07:42:00,YES,
HO-012-05,R-012,producer_to_driver,P-1205,P-1205,Mahesh R.,40.4,2026-03-02T08:14:00,YES,
HO-012-06,R-012,producer_to_driver,P-1206,P-1206,Mahesh R.,35.3,2026-03-02T08:25:00,YES,
HO-012-PLANT,R-012,driver_to_plant,,Mahesh R.,PLANT-GATE,239.6,2026-03-02T08:57:00,YES,
HO-013-01,R-013,producer_to_driver,P-1301,P-1301,Anitha V.,23.5,2026-03-02T06:35:00,YES,
HO-013-02,R-013,producer_to_driver,P-1302,P-1302,Anitha V.,61.9,2026-03-02T07:06:00,YES,
HO-013-04,R-013,producer_to_driver,P-1304,P-1304,Anitha V.,27.7,2026-03-02T08:01:00,YES,
HO-013-05,R-013,producer_to_driver,P-1305,P-1305,Anitha V.,37.4,2026-03-02T08:16:00,YES,
HO-013-06,R-013,producer_to_driver,P-1306,P-1306,Anitha V.,55.9,2026-03-02T08:34:00,YES,
HO-013-PLANT,R-013,driver_to_plant,,Anitha V.,PLANT-GATE,206.4,2026-03-02T09:21:00,YES,
HO-014-01,R-014,producer_to_driver,P-1401,P-1401,Mahesh R.,62.0,2026-03-02T05:45:00,YES,
HO-014-02,R-014,producer_to_driver,P-1402,P-1402,Mahesh R.,35.4,2026-03-02T06:26:00,YES,
HO-014-03,R-014,producer_to_driver,P-1403,P-1403,Mahesh R.,61.1,2026-03-02T06:48:00,YES,
HO-014-05,R-014,producer_to_driver,P-1405,P-1405,Mahesh R.,39.6,2026-03-02T07:31:00,YES,
HO-014-06,R-014,producer_to_driver,P-1406,P-1406,Mahesh R.,28.8,2026-03-02T07:55:00,YES,
HO-014-08,R-014,producer_to_driver,P-1408,P-1408,Mahesh R.,34.7,2026-03-02T08:45:00,YES,
HO-014-09,R-014,producer_to_driver,P-1409,P-1409,Mahesh R.,39.1,2026-03-02T09:00:00,YES,
HO-014-PLANT,R-014,driver_to_plant,,Mahesh R.,PLANT-GATE,300.7,2026-03-02T09:43:00,YES,
HO-015-01,R-015,producer_to_driver,P-1501,P-1501,Ravi K.,29.8,2026-03-02T06:15:00,YES,
HO-015-02,R-015,producer_to_driver,P-1502,P-1502,Ravi K.,63.5,2026-03-02T06:50:00,YES,
HO-015-03,R-015,producer_to_driver,P-1503,P-1503,Ravi K.,56.5,2026-03-02T07:27:00,YES,
HO-015-04,R-015,producer_to_driver,P-1504,P-1504,Ravi K.,23.1,2026-03-02T07:53:00,YES,
HO-015-05,R-015,producer_to_driver,P-1505,P-1505,Ravi K.,40.7,2026-03-02T08:28:00,YES,
HO-015-PLANT,R-015,driver_to_plant,,Ravi K.,PLANT-GATE,213.6,2026-03-02T09:00:00,YES,
HO-016-01,R-016,producer_to_driver,P-1601,P-1601,Suresh N.,47.6,2026-03-02T06:03:00,YES,
HO-016-02,R-016,producer_to_driver,P-1602,P-1602,Suresh N.,46.1,2026-03-02T06:40:00,YES,
HO-016-03,R-016,producer_to_driver,P-1603,P-1603,Suresh N.,50.6,2026-03-02T07:04:00,YES,
HO-016-04,R-016,producer_to_driver,P-1604,P-1604,Suresh N.,55.4,2026-03-02T07:20:00,YES,
HO-016-05,R-016,producer_to_driver,P-1605,P-1605,Suresh N.,32.0,2026-03-02T07:27:00,YES,
HO-016-06,R-016,producer_to_driver,P-1606,P-1606,Suresh N.,31.6,2026-03-02T07:47:00,YES,
HO-016-PLANT,R-016,driver_to_plant,,Suresh N.,PLANT-GATE,263.3,2026-03-02T08:40:00,YES,
HO-017-01,R-017,producer_to_driver,P-1701,P-1701,Anitha V.,33.4,2026-03-02T05:34:00,YES,
HO-017-02,R-017,producer_to_driver,P-1702,P-1702,Anitha V.,20.2,2026-03-02T06:17:00,YES,
HO-017-03,R-017,producer_to_driver,P-1703,P-1703,Anitha V.,52.1,2026-03-02T06:21:00,YES,
HO-017-04,R-017,producer_to_driver,P-1704,P-1704,Anitha V.,59.4,2026-03-02T06:50:00,YES,
HO-017-05,R-017,producer_to_driver,P-1705,P-1705,Anitha V.,34.5,2026-03-02T07:25:00,YES,
HO-017-06,R-017,producer_to_driver,P-1706,P-1706,Anitha V.,29.3,2026-03-02T07:59:00,YES,
HO-017-PLANT,R-017,driver_to_plant,,Anitha V.,PLANT-GATE,228.9,2026-03-02T08:38:00,YES,
HO-018-01,R-018,producer_to_driver,P-1801,P-1801,Suresh N.,43.3,2026-03-02T05:49:00,YES,
HO-018-02,R-018,producer_to_driver,P-1802,P-1802,Suresh N.,23.6,2026-03-02T05:58:00,YES,
HO-018-03,R-018,producer_to_driver,P-1803,P-1803,Suresh N.,41.3,2026-03-02T06:15:00,YES,
HO-018-04,R-018,producer_to_driver,P-1804,P-1804,Suresh N.,28.6,2026-03-02T06:21:00,YES,
HO-018-05,R-018,producer_to_driver,P-1805,P-1805,Suresh N.,44.5,2026-03-02T07:00:00,YES,
HO-018-06,R-018,producer_to_driver,P-1806,P-1806,Suresh N.,37.7,2026-03-02T07:31:00,YES,
HO-018-07,R-018,producer_to_driver,P-1807,P-1807,Suresh N.,61.5,2026-03-02T08:01:00,YES,
HO-018-PLANT,R-018,driver_to_plant,,Suresh N.,PLANT-GATE,280.5,2026-03-02T08:58:00,YES,
HO-019-01,R-019,producer_to_driver,P-1901,P-1901,Anitha V.,51.4,2026-03-02T06:10:00,YES,
HO-019-04,R-019,producer_to_driver,P-1904,P-1904,Anitha V.,36.3,2026-03-02T07:39:00,YES,
HO-019-05,R-019,producer_to_driver,P-1905,P-1905,Anitha V.,26.3,2026-03-02T07:55:00,YES,
HO-019-06,R-019,producer_to_driver,P-1906,P-1906,Anitha V.,34.0,2026-03-02T08:25:00,YES,
HO-019-07,R-019,producer_to_driver,P-1907,P-1907,Anitha V.,28.5,2026-03-02T09:10:00,YES,
HO-019-PLANT,R-019,driver_to_plant,,Anitha V.,PLANT-GATE,176.5,2026-03-02T09:50:00,YES,
HO-020-01,R-020,producer_to_driver,P-2001,P-2001,Suresh N.,39.0,2026-03-02T06:07:00,YES,
HO-020-02,R-020,producer_to_driver,P-2002,P-2002,Suresh N.,34.1,2026-03-02T06:21:00,YES,
HO-020-04,R-020,producer_to_driver,P-2004,P-2004,Suresh N.,59.6,2026-03-02T07:03:00,YES,
HO-020-06,R-020,producer_to_driver,P-2006,P-2006,Suresh N.,33.0,2026-03-02T07:29:00,YES,
HO-020-07,R-020,producer_to_driver,P-2007,P-2007,Suresh N.,48.8,2026-03-02T07:49:00,YES,
HO-020-PLANT,R-020,driver_to_plant,,Suresh N.,PLANT-GATE,214.5,2026-03-02T08:35:00,YES,
HO-021-01,R-021,producer_to_driver,P-2101,P-2101,Suresh N.,46.4,2026-03-02T06:14:00,YES,
HO-021-02,R-021,producer_to_driver,P-2102,P-2102,Suresh N.,61.1,2026-03-02T06:35:00,YES,
HO-021-03,R-021,producer_to_driver,P-2103,P-2103,Suresh N.,58.3,2026-03-02T06:53:00,YES,
HO-021-04,R-021,producer_to_driver,P-2104,P-2104,Suresh N.,45.5,,NO,signature/device fault - custody gap
HO-021-05,R-021,producer_to_driver,P-2105,P-2105,Suresh N.,49.0,2026-03-02T07:44:00,YES,
HO-021-06,R-021,producer_to_driver,P-2106,P-2106,Suresh N.,52.8,2026-03-02T08:01:00,YES,
HO-021-PLANT,R-021,driver_to_plant,,Suresh N.,PLANT-GATE,313.1,2026-03-02T08:40:00,YES,
HO-022-01,R-022,producer_to_driver,P-2201,P-2201,Lakshmi P.,24.7,2026-03-02T06:18:00,YES,
HO-022-02,R-022,producer_to_driver,P-2202,P-2202,Lakshmi P.,52.3,2026-03-02T06:34:00,YES,
HO-022-03,R-022,producer_to_driver,P-2203,P-2203,Lakshmi P.,62.6,2026-03-02T07:04:00,YES,
HO-022-04,R-022,producer_to_driver,P-2204,P-2204,Lakshmi P.,32.2,2026-03-02T07:11:00,YES,
HO-022-05,R-022,producer_to_driver,P-2205,P-2205,Lakshmi P.,49.6,2026-03-02T07:40:00,YES,
HO-022-PLANT,R-022,driver_to_plant,,Lakshmi P.,PLANT-GATE,221.4,2026-03-02T08:37:00,YES,
HO-023-01,R-023,producer_to_driver,P-2301,P-2301,Ravi K.,59.3,2026-03-02T06:19:00,YES,
HO-023-02,R-023,producer_to_driver,P-2302,P-2302,Ravi K.,46.7,2026-03-02T06:54:00,YES,
HO-023-03,R-023,producer_to_driver,P-2303,P-2303,Ravi K.,18.5,2026-03-02T07:33:00,YES,
HO-023-04,R-023,producer_to_driver,P-2304,P-2304,Ravi K.,19.7,2026-03-02T08:14:00,YES,
HO-023-05,R-023,producer_to_driver,P-2305,P-2305,Ravi K.,34.7,2026-03-02T08:41:00,YES,
HO-023-06,R-023,producer_to_driver,P-2306,P-2306,Ravi K.,39.5,2026-03-02T09:10:00,YES,
HO-023-PLANT,R-023,driver_to_plant,,Ravi K.,PLANT-GATE,218.4,2026-03-02T09:44:00,YES,
HO-024-01,R-024,producer_to_driver,P-2401,P-2401,Mahesh R.,39.3,2026-03-02T05:49:00,YES,
HO-024-02,R-024,producer_to_driver,P-2402,P-2402,Mahesh R.,45.4,2026-03-02T06:09:00,YES,
HO-024-03,R-024,producer_to_driver,P-2403,P-2403,Mahesh R.,19.5,2026-03-02T06:45:00,YES,
HO-024-04,R-024,producer_to_driver,P-2404,P-2404,Mahesh R.,60.8,2026-03-02T07:07:00,YES,
HO-024-05,R-024,producer_to_driver,P-2405,P-2405,Mahesh R.,19.9,2026-03-02T07:40:00,YES,
HO-024-PLANT,R-024,driver_to_plant,,Mahesh R.,PLANT-GATE,184.9,2026-03-02T08:14:00,YES,
HO-025-01,R-025,producer_to_driver,P-2501,P-2501,Anitha V.,23.4,2026-03-02T06:15:00,YES,
HO-025-02,R-025,producer_to_driver,P-2502,P-2502,Anitha V.,42.2,2026-03-02T06:30:00,YES,
HO-025-03,R-025,producer_to_driver,P-2503,P-2503,Anitha V.,19.8,2026-03-02T07:05:00,YES,
HO-025-04,R-025,producer_to_driver,P-2504,P-2504,Anitha V.,46.5,2026-03-02T07:15:00,YES,
HO-025-05,R-025,producer_to_driver,P-2505,P-2505,Anitha V.,32.3,2026-03-02T07:59:00,YES,
HO-025-06,R-025,producer_to_driver,P-2506,P-2506,Anitha V.,62.7,2026-03-02T08:18:00,YES,
HO-025-07,R-025,producer_to_driver,P-2507,P-2507,Anitha V.,24.3,,NO,signature/device fault - custody gap
HO-025-PLANT,R-025,driver_to_plant,,Anitha V.,PLANT-GATE,251.2,2026-03-02T09:37:00,YES,
HO-026-01,R-026,producer_to_driver,P-2601,P-2601,Suresh N.,48.7,2026-03-02T06:07:00,YES,
HO-026-02,R-026,producer_to_driver,P-2602,P-2602,Suresh N.,52.6,2026-03-02T06:29:00,YES,
HO-026-03,R-026,producer_to_driver,P-2603,P-2603,Suresh N.,35.7,2026-03-02T06:38:00,YES,
HO-026-04,R-026,producer_to_driver,P-2604,P-2604,Suresh N.,26.8,2026-03-02T07:03:00,YES,
HO-026-05,R-026,producer_to_driver,P-2605,P-2605,Suresh N.,42.3,2026-03-02T07:38:00,YES,
HO-026-06,R-026,producer_to_driver,P-2606,P-2606,Suresh N.,28.8,2026-03-02T08:08:00,YES,
HO-026-08,R-026,producer_to_driver,P-2608,P-2608,Suresh N.,37.2,2026-03-02T08:50:00,YES,
HO-026-PLANT,R-026,driver_to_plant,,Suresh N.,PLANT-GATE,272.1,2026-03-02T09:37:00,YES,
HO-027-01,R-027,producer_to_driver,P-2701,P-2701,Mahesh R.,45.1,2026-03-02T05:43:00,YES,
HO-027-02,R-027,producer_to_driver,P-2702,P-2702,Mahesh R.,22.1,2026-03-02T06:00:00,YES,
HO-027-03,R-027,producer_to_driver,P-2703,P-2703,Mahesh R.,22.1,2026-03-02T06:17:00,YES,
HO-027-04,R-027,producer_to_driver,P-2704,P-2704,Mahesh R.,26.2,2026-03-02T06:46:00,YES,
HO-027-06,R-027,producer_to_driver,P-2706,P-2706,Mahesh R.,26.6,2026-03-02T07:42:00,YES,
HO-027-07,R-027,producer_to_driver,P-2707,P-2707,Mahesh R.,60.2,2026-03-02T08:18:00,YES,
HO-027-08,R-027,producer_to_driver,P-2708,P-2708,Mahesh R.,49.7,2026-03-02T08:41:00,YES,
HO-027-09,R-027,producer_to_driver,P-2709,P-2709,Mahesh R.,51.9,2026-03-02T08:54:00,YES,
HO-027-PLANT,R-027,driver_to_plant,,Mahesh R.,PLANT-GATE,303.9,2026-03-02T09:40:00,YES,
HO-028-01,R-028,producer_to_driver,P-2801,P-2801,Lakshmi P.,34.2,2026-03-02T05:54:00,YES,
HO-028-02,R-028,producer_to_driver,P-2802,P-2802,Lakshmi P.,37.8,2026-03-02T06:10:00,YES,
HO-028-03,R-028,producer_to_driver,P-2803,P-2803,Lakshmi P.,27.9,2026-03-02T06:33:00,YES,
HO-028-05,R-028,producer_to_driver,P-2805,P-2805,Lakshmi P.,38.8,,NO,signature/device fault - custody gap
HO-028-06,R-028,producer_to_driver,P-2806,P-2806,Lakshmi P.,36.6,2026-03-02T07:19:00,YES,
HO-028-PLANT,R-028,driver_to_plant,,Lakshmi P.,PLANT-GATE,175.3,2026-03-02T08:18:00,YES,
HO-029-01,R-029,producer_to_driver,P-2901,P-2901,Lakshmi P.,19.0,2026-03-02T06:07:00,YES,
HO-029-02,R-029,producer_to_driver,P-2902,P-2902,Lakshmi P.,56.4,2026-03-02T06:22:00,YES,
HO-029-03,R-029,producer_to_driver,P-2903,P-2903,Lakshmi P.,48.0,2026-03-02T06:51:00,YES,
HO-029-05,R-029,producer_to_driver,P-2905,P-2905,Lakshmi P.,44.3,2026-03-02T08:11:00,YES,
HO-029-06,R-029,producer_to_driver,P-2906,P-2906,Lakshmi P.,54.5,2026-03-02T08:37:00,YES,
HO-029-08,R-029,producer_to_driver,P-2908,P-2908,Lakshmi P.,21.7,2026-03-02T09:36:00,YES,
HO-029-PLANT,R-029,driver_to_plant,,Lakshmi P.,PLANT-GATE,243.9,2026-03-02T10:12:00,YES,
HO-030-01,R-030,producer_to_driver,P-3001,P-3001,Mahesh R.,57.7,2026-03-02T06:24:00,YES,
HO-030-02,R-030,producer_to_driver,P-3002,P-3002,Mahesh R.,28.1,2026-03-02T06:58:00,YES,
HO-030-03,R-030,producer_to_driver,P-3003,P-3003,Mahesh R.,40.9,2026-03-02T07:27:00,YES,
HO-030-04,R-030,producer_to_driver,P-3004,P-3004,Mahesh R.,41.6,2026-03-02T08:09:00,YES,
HO-030-05,R-030,producer_to_driver,P-3005,P-3005,Mahesh R.,44.4,2026-03-02T08:18:00,YES,
HO-030-PLANT,R-030,driver_to_plant,,Mahesh R.,PLANT-GATE,212.7,2026-03-02T09:17:00,YES,
