route_id,stop_seq,producer_id,planned_time,actual_arrival_time,status,truck_id,driver,latitude,longitude
R-001,1,P-0101,2026-03-02T05:47:00,2026-03-02T06:03:00,COMPLETED,TRK-001,Ravi K.,15.871154,80.317927
R-001,2,P-0102,2026-03-02T06:12:00,2026-03-02T06:18:00,COMPLETED,TRK-001,Ravi K.,15.858672,80.328592
R-001,3,P-0103,2026-03-02T06:29:00,2026-03-02T06:45:00,COMPLETED,TRK-001,Ravi K.,15.877192,80.332083
R-001,4,P-0104,2026-03-02T06:59:00,2026-03-02T07:22:00,COMPLETED,TRK-001,Ravi K.,15.87168,80.298889
R-001,5,P-0105,2026-03-02T07:40:00,2026-03-02T07:58:00,COMPLETED,TRK-001,Ravi K.,15.860144,80.303291
R-002,1,P-0201,2026-03-02T05:33:00,2026-03-02T05:30:00,COMPLETED,TRK-002,Lakshmi P.,15.916198,80.294702
R-002,2,P-0202,2026-03-02T05:39:00,,MISSED,TRK-002,Lakshmi P.,,
R-002,3,P-0203,2026-03-02T06:04:00,2026-03-02T06:12:00,COMPLETED,TRK-002,Lakshmi P.,15.91654,80.295774
R-002,4,P-0204,2026-03-02T06:21:00,2026-03-02T06:17:00,COMPLETED,TRK-002,Lakshmi P.,15.950953,80.30744
R-002,5,P-0205,2026-03-02T06:28:00,,MISSED,TRK-002,Lakshmi P.,,
R-002,6,P-0206,2026-03-02T07:07:00,2026-03-02T07:23:00,COMPLETED,TRK-002,Lakshmi P.,15.945495,80.304464
R-002,7,P-0207,2026-03-02T07:44:00,2026-03-02T07:56:00,COMPLETED,TRK-002,Lakshmi P.,15.959466,80.283644
R-003,1,P-0301,2026-03-02T05:38:00,2026-03-02T05:56:00,COMPLETED,TRK-003,Suresh N.,15.869944,80.313438
R-003,2,P-0302,2026-03-02T06:16:00,2026-03-02T06:28:00,COMPLETED,TRK-003,Suresh N.,15.850985,80.313485
R-003,3,P-0303,2026-03-02T06:41:00,2026-03-02T06:45:00,COMPLETED,TRK-003,Suresh N.,15.851294,80.297663
R-003,4,P-0304,2026-03-02T06:59:00,2026-03-02T07:05:00,COMPLETED,TRK-003,Suresh N.,15.836546,80.30783
R-003,5,P-0305,2026-03-02T07:21:00,2026-03-02T07:25:00,COMPLETED,TRK-003,Suresh N.,15.814879,80.298756
R-004,1,P-0401,2026-03-02T06:02:00,2026-03-02T05:59:00,COMPLETED,TRK-004,Suresh N.,15.896837,80.283562
R-004,2,P-0402,2026-03-02T06:09:00,2026-03-02T06:29:00,COMPLETED,TRK-004,Suresh N.,15.891696,80.286365
R-004,3,P-0403,2026-03-02T06:49:00,2026-03-02T07:08:00,COMPLETED,TRK-004,Suresh N.,15.895587,80.264682
R-004,4,P-0404,2026-03-02T07:27:00,2026-03-02T07:22:00,COMPLETED,TRK-004,Suresh N.,15.905979,80.243197
R-004,5,P-0405,2026-03-02T07:30:00,2026-03-02T07:54:00,COMPLETED,TRK-004,Suresh N.,15.916528,80.230609
R-005,1,P-0501,2026-03-02T05:42:00,2026-03-02T05:44:00,COMPLETED,TRK-005,Lakshmi P.,15.922487,80.331385
R-005,2,P-0502,2026-03-02T05:53:00,2026-03-02T06:10:00,COMPLETED,TRK-005,Lakshmi P.,15.9513,80.303812
R-005,3,P-0503,2026-03-02T06:20:00,2026-03-02T06:38:00,COMPLETED,TRK-005,Lakshmi P.,15.950128,80.326735
R-005,4,P-0504,2026-03-02T06:51:00,2026-03-02T06:54:00,COMPLETED,TRK-005,Lakshmi P.,15.939614,80.311127
R-005,5,P-0505,2026-03-02T07:08:00,2026-03-02T07:26:00,COMPLETED,TRK-005,Lakshmi P.,15.926503,80.326989
R-006,1,P-0601,2026-03-02T05:47:00,2026-03-02T06:04:00,COMPLETED,TRK-006,Lakshmi P.,15.916528,80.280022
R-006,2,P-0602,2026-03-02T06:13:00,2026-03-02T06:25:00,COMPLETED,TRK-006,Lakshmi P.,15.895771,80.288205
R-006,3,P-0603,2026-03-02T06:37:00,2026-03-02T06:54:00,COMPLETED,TRK-006,Lakshmi P.,15.884602,80.303507
R-006,4,P-0604,2026-03-02T07:10:00,2026-03-02T07:22:00,COMPLETED,TRK-006,Lakshmi P.,15.868715,80.30743
R-006,5,P-0605,2026-03-02T07:40:00,2026-03-02T07:38:00,COMPLETED,TRK-006,Lakshmi P.,15.902735,80.278166
R-006,6,P-0606,2026-03-02T07:50:00,2026-03-02T08:02:00,COMPLETED,TRK-006,Lakshmi P.,15.902987,80.262451
R-006,7,P-0607,2026-03-02T08:17:00,2026-03-02T08:29:00,COMPLETED,TRK-006,Lakshmi P.,15.923087,80.282467
R-006,8,P-0608,2026-03-02T08:46:00,2026-03-02T08:53:00,COMPLETED,TRK-006,Lakshmi P.,15.911414,80.279111
R-006,9,P-0609,2026-03-02T09:11:00,2026-03-02T09:08:00,COMPLETED,TRK-006,Lakshmi P.,15.925075,80.286606
R-007,1,P-0701,2026-03-02T05:45:00,2026-03-02T06:05:00,COMPLETED,TRK-007,Lakshmi P.,15.890751,80.312245
R-007,2,P-0702,2026-03-02T06:24:00,2026-03-02T06:27:00,COMPLETED,TRK-007,Lakshmi P.,15.927265,80.337862
R-007,3,P-0703,2026-03-02T06:47:00,2026-03-02T07:07:00,COMPLETED,TRK-007,Lakshmi P.,15.952517,80.318912
R-007,4,P-0704,2026-03-02T07:23:00,2026-03-02T07:34:00,COMPLETED,TRK-007,Lakshmi P.,15.969653,80.308912
R-007,5,P-0705,2026-03-02T07:47:00,2026-03-02T08:03:00,COMPLETED,TRK-007,Lakshmi P.,15.980365,80.30062
R-007,6,P-0706,2026-03-02T08:18:00,2026-03-02T08:16:00,COMPLETED,TRK-007,Lakshmi P.,16.016888,80.287498
R-007,7,P-0707,2026-03-02T08:34:00,2026-03-02T08:40:00,COMPLETED,TRK-007,Lakshmi P.,16.04275,80.263645
R-007,8,P-0708,2026-03-02T08:53:00,2026-03-02T09:12:00,COMPLETED,TRK-007,Lakshmi P.,16.047352,80.260725
R-008,1,P-0801,2026-03-02T06:09:00,2026-03-02T06:25:00,COMPLETED,TRK-008,Lakshmi P.,15.886031,80.313773
R-008,2,P-0802,2026-03-02T06:39:00,2026-03-02T06:37:00,COMPLETED,TRK-008,Lakshmi P.,15.897137,80.31126
R-008,3,P-0803,2026-03-02T06:46:00,2026-03-02T06:54:00,COMPLETED,TRK-008,Lakshmi P.,15.907614,80.311926
R-008,4,P-0804,2026-03-02T07:07:00,2026-03-02T07:29:00,COMPLETED,TRK-008,Lakshmi P.,15.941957,80.337267
R-008,5,P-0805,2026-03-02T07:38:00,2026-03-02T07:56:00,COMPLETED,TRK-008,Lakshmi P.,15.948239,80.328716
R-008,6,P-0806,2026-03-02T08:08:00,2026-03-02T08:24:00,COMPLETED,TRK-008,Lakshmi P.,15.958345,80.316187
R-008,7,P-0807,2026-03-02T08:38:00,2026-03-02T08:33:00,COMPLETED,TRK-008,Lakshmi P.,15.99786,80.293009
R-008,8,P-0808,2026-03-02T08:44:00,2026-03-02T08:49:00,COMPLETED,TRK-008,Lakshmi P.,15.984112,80.277987
R-008,9,P-0809,2026-03-02T08:59:00,,MISSED,TRK-008,Lakshmi P.,,
R-009,1,P-0901,2026-03-02T05:33:00,2026-03-02T05:54:00,COMPLETED,TRK-009,Lakshmi P.,15.893588,80.315653
R-009,2,P-0902,2026-03-02T06:15:00,2026-03-02T06:14:00,COMPLETED,TRK-009,Lakshmi P.,15.855947,80.345475
R-009,3,P-0903,2026-03-02T06:30:00,,MISSED,TRK-009,Lakshmi P.,,
R-009,4,P-0904,2026-03-02T06:57:00,2026-03-02T07:14:00,COMPLETED,TRK-009,Lakshmi P.,15.836963,80.3053
R-009,5,P-0905,2026-03-02T07:34:00,2026-03-02T07:41:00,COMPLETED,TRK-009,Lakshmi P.,15.82978,80.327255
R-009,6,P-0906,2026-03-02T08:02:00,2026-03-02T08:11:00,COMPLETED,TRK-009,Lakshmi P.,15.849966,80.354034
R-009,7,P-0907,2026-03-02T08:23:00,2026-03-02T08:24:00,COMPLETED,TRK-009,Lakshmi P.,15.832277,80.349989
R-009,8,P-0908,2026-03-02T08:40:00,,MISSED,TRK-009,Lakshmi P.,,
R-009,9,P-0909,2026-03-02T08:56:00,2026-03-02T08:52:00,COMPLETED,TRK-009,Lakshmi P.,15.820815,80.32613
R-010,1,P-1001,2026-03-02T05:52:00,2026-03-02T05:55:00,COMPLETED,TRK-010,Suresh N.,15.907783,80.270627
R-010,2,P-1002,2026-03-02T06:07:00,2026-03-02T06:16:00,COMPLETED,TRK-010,Suresh N.,15.927227,80.260115
R-010,3,P-1003,2026-03-02T06:27:00,2026-03-02T06:46:00,COMPLETED,TRK-010,Suresh N.,15.936697,80.234843
R-010,4,P-1004,2026-03-02T07:05:00,2026-03-02T07:14:00,COMPLETED,TRK-010,Suresh N.,15.924819,80.260995
R-010,5,P-1005,2026-03-02T07:34:00,2026-03-02T07:40:00,COMPLETED,TRK-010,Suresh N.,15.92396,80.255164
R-010,6,P-1006,2026-03-02T07:50:00,2026-03-02T07:55:00,COMPLETED,TRK-010,Suresh N.,15.931247,80.272832
R-011,1,P-1101,2026-03-02T06:10:00,2026-03-02T06:21:00,COMPLETED,TRK-011,Lakshmi P.,15.886431,80.309347
R-011,2,P-1102,2026-03-02T06:36:00,2026-03-02T06:38:00,COMPLETED,TRK-011,Lakshmi P.,15.894567,80.302848
R-011,3,P-1103,2026-03-02T06:49:00,2026-03-02T06:48:00,COMPLETED,TRK-011,Lakshmi P.,15.896666,80.297792
R-011,4,P-1104,2026-03-02T07:05:00,,MISSED,TRK-011,Lakshmi P.,,
R-011,5,P-1105,2026-03-02T07:27:00,2026-03-02T07:36:00,COMPLETED,TRK-011,Lakshmi P.,15.886941,80.270588
R-011,6,P-1106,2026-03-02T07:49:00,2026-03-02T07:49:00,COMPLETED,TRK-011,Lakshmi P.,15.894891,80.263961
R-011,7,P-1107,2026-03-02T08:06:00,2026-03-02T08:08:00,COMPLETED,TRK-011,Lakshmi P.,15.897826,80.285418
R-012,1,P-1201,2026-03-02T05:50:00,2026-03-02T05:57:00,COMPLETED,TRK-012,Mahesh R.,15.917632,80.323989
R-012,2,P-1202,2026-03-02T06:15:00,2026-03-02T06:27:00,COMPLETED,TRK-012,Mahesh R.,15.921033,80.302199
R-012,3,P-1203,2026-03-02T06:38:00,2026-03-02T06:53:00,COMPLETED,TRK-012,Mahesh R.,15.888314,80.323649
R-012,4,P-1204,2026-03-02T07:15:00,2026-03-02T07:39:00,COMPLETED,TRK-012,Mahesh R.,15.867164,80.33539
R-012,5,P-1205,2026-03-02T08:00:00,2026-03-02T08:11:00,COMPLETED,TRK-012,Mahesh R.,15.85712,80.337398
R-012,6,P-1206,2026-03-02T08:19:00,2026-03-02T08:22:00,COMPLETED,TRK-012,Mahesh R.,15.837935,80.335489
R-013,1,P-1301,2026-03-02T06:08:00,2026-03-02T06:32:00,COMPLETED,TRK-013,Anitha V.,15.914258,80.304917
R-013,2,P-1302,2026-03-02T06:51:00,2026-03-02T07:04:00,COMPLETED,TRK-013,Anitha V.,15.917834,80.317257
R-013,3,P-1303,2026-03-02T07:26:00,,MISSED,TRK-013,Anitha V.,,
R-013,4,P-1304,2026-03-02T07:52:00,2026-03-02T07:59:00,COMPLETED,TRK-013,Anitha V.,15.901511,80.327367
R-013,5,P-1305,2026-03-02T08:16:00,2026-03-02T08:12:00,COMPLETED,TRK-013,Anitha V.,15.924725,80.362018
R-013,6,P-1306,2026-03-02T08:20:00,2026-03-02T08:32:00,COMPLETED,TRK-013,Anitha V.,15.915343,80.351731
R-014,1,P-1401,2026-03-02T05:38:00,2026-03-02T05:43:00,COMPLETED,TRK-014,Mahesh R.,15.905272,80.287649
R-014,2,P-1402,2026-03-02T06:02:00,2026-03-02T06:21:00,COMPLETED,TRK-014,Mahesh R.,15.88864,80.304063
R-014,3,P-1403,2026-03-02T06:29:00,2026-03-02T06:42:00,COMPLETED,TRK-014,Mahesh R.,15.907945,80.331762
R-014,4,P-1404,2026-03-02T07:00:00,,MISSED,TRK-014,Mahesh R.,,
R-014,5,P-1405,2026-03-02T07:33:00,2026-03-02T07:28:00,COMPLETED,TRK-014,Mahesh R.,15.923331,80.316106
R-014,6,P-1406,2026-03-02T07:47:00,2026-03-02T07:49:00,COMPLETED,TRK-014,Mahesh R.,15.936836,80.307805
R-014,7,P-1407,2026-03-02T08:04:00,,MISSED,TRK-014,Mahesh R.,,
R-014,8,P-1408,2026-03-02T08:21:00,2026-03-02T08:40:00,COMPLETED,TRK-014,Mahesh R.,15.967732,80.32144
R-014,9,P-1409,2026-03-02T08:54:00,2026-03-02T08:54:00,COMPLETED,TRK-014,Mahesh R.,15.978558,80.337602
R-015,1,P-1501,2026-03-02T05:52:00,2026-03-02T06:12:00,COMPLETED,TRK-015,Ravi K.,15.915044,80.270524
R-015,2,P-1502,2026-03-02T06:31:00,2026-03-02T06:46:00,COMPLETED,TRK-015,Ravi K.,15.922668,80.286377
R-015,3,P-1503,2026-03-02T07:05:00,2026-03-02T07:22:00,COMPLETED,TRK-015,Ravi K.,15.917326,80.272877
R-015,4,P-1504,2026-03-02T07:40:00,2026-03-02T07:50:00,COMPLETED,TRK-015,Ravi K.,15.910633,80.253923
R-015,5,P-1505,2026-03-02T08:08:00,2026-03-02T08:24:00,COMPLETED,TRK-015,Ravi K.,15.904809,80.265961
R-016,1,P-1601,2026-03-02T05:49:00,2026-03-02T06:00:00,COMPLETED,TRK-016,Suresh N.,15.876743,80.31726
R-016,2,P-1602,2026-03-02T06:18:00,2026-03-02T06:34:00,COMPLETED,TRK-016,Suresh N.,15.897406,80.279177
R-016,3,P-1603,2026-03-02T06:48:00,2026-03-02T07:01:00,COMPLETED,TRK-016,Suresh N.,15.915001,80.303063
R-016,4,P-1604,2026-03-02T07:17:00,2026-03-02T07:17:00,COMPLETED,TRK-016,Suresh N.,15.928276,80.29007
R-016,5,P-1605,2026-03-02T07:29:00,2026-03-02T07:25:00,COMPLETED,TRK-016,Suresh N.,15.915546,80.301846
R-016,6,P-1606,2026-03-02T07:40:00,2026-03-02T07:43:00,COMPLETED,TRK-016,Suresh N.,15.89738,80.320464
R-017,1,P-1701,2026-03-02T05:33:00,2026-03-02T05:32:00,COMPLETED,TRK-017,Anitha V.,15.892039,80.315084
R-017,2,P-1702,2026-03-02T05:53:00,2026-03-02T06:12:00,COMPLETED,TRK-017,Anitha V.,15.89596,80.330032
R-017,3,P-1703,2026-03-02T06:20:00,2026-03-02T06:18:00,COMPLETED,TRK-017,Anitha V.,15.874641,80.315543
R-017,4,P-1704,2026-03-02T06:32:00,2026-03-02T06:47:00,COMPLETED,TRK-017,Anitha V.,15.878092,80.328335
R-017,5,P-1705,2026-03-02T07:01:00,2026-03-02T07:20:00,COMPLETED,TRK-017,Anitha V.,15.899363,80.314062
R-017,6,P-1706,2026-03-02T07:33:00,2026-03-02T07:53:00,COMPLETED,TRK-017,Anitha V.,15.903652,80.31293
R-018,1,P-1801,2026-03-02T05:38:00,2026-03-02T05:46:00,COMPLETED,TRK-018,Suresh N.,15.933486,80.268055
R-018,2,P-1802,2026-03-02T05:58:00,2026-03-02T05:55:00,COMPLETED,TRK-018,Suresh N.,15.920244,80.248737
R-018,3,P-1803,2026-03-02T06:14:00,2026-03-02T06:09:00,COMPLETED,TRK-018,Suresh N.,15.899996,80.271391
R-018,4,P-1804,2026-03-02T06:22:00,2026-03-02T06:18:00,COMPLETED,TRK-018,Suresh N.,15.880104,80.252096
R-018,5,P-1805,2026-03-02T06:32:00,2026-03-02T06:56:00,COMPLETED,TRK-018,Suresh N.,15.872523,80.236512
R-018,6,P-1806,2026-03-02T07:15:00,2026-03-02T07:29:00,COMPLETED,TRK-018,Suresh N.,15.83722,80.261962
R-018,7,P-1807,2026-03-02T07:39:00,2026-03-02T07:56:00,COMPLETED,TRK-018,Suresh N.,15.855597,80.263478
R-019,1,P-1901,2026-03-02T05:47:00,2026-03-02T06:06:00,COMPLETED,TRK-019,Anitha V.,15.913919,80.33398
R-019,2,P-1902,2026-03-02T06:20:00,,MISSED,TRK-019,Anitha V.,,
R-019,3,P-1903,2026-03-02T06:53:00,,MISSED,TRK-019,Anitha V.,,
R-019,4,P-1904,2026-03-02T07:22:00,2026-03-02T07:36:00,COMPLETED,TRK-019,Anitha V.,15.948194,80.302083
R-019,5,P-1905,2026-03-02T07:44:00,2026-03-02T07:49:00,COMPLETED,TRK-019,Anitha V.,15.941814,80.295702
R-019,6,P-1906,2026-03-02T08:02:00,2026-03-02T08:22:00,COMPLETED,TRK-019,Anitha V.,15.936052,80.279779
R-019,7,P-1907,2026-03-02T08:44:00,2026-03-02T09:04:00,COMPLETED,TRK-019,Anitha V.,15.909207,80.300355
R-020,1,P-2001,2026-03-02T05:38:00,2026-03-02T06:03:00,COMPLETED,TRK-020,Suresh N.,15.910882,80.261649
R-020,2,P-2002,2026-03-02T06:14:00,2026-03-02T06:16:00,COMPLETED,TRK-020,Suresh N.,15.913384,80.251486
R-020,3,P-2003,2026-03-02T06:26:00,,MISSED,TRK-020,Suresh N.,,
R-020,4,P-2004,2026-03-02T06:52:00,2026-03-02T06:59:00,COMPLETED,TRK-020,Suresh N.,15.889661,80.279055
R-020,5,P-2005,2026-03-02T07:09:00,,MISSED,TRK-020,Suresh N.,,
R-020,6,P-2006,2026-03-02T07:30:00,2026-03-02T07:27:00,COMPLETED,TRK-020,Suresh N.,15.87001,80.229886
R-020,7,P-2007,2026-03-02T07:36:00,2026-03-02T07:43:00,COMPLETED,TRK-020,Suresh N.,15.86248,80.235237
R-021,1,P-2101,2026-03-02T05:55:00,2026-03-02T06:12:00,COMPLETED,TRK-021,Suresh N.,15.920408,80.284793
R-021,2,P-2102,2026-03-02T06:23:00,2026-03-02T06:32:00,COMPLETED,TRK-021,Suresh N.,15.913391,80.255094
R-021,3,P-2103,2026-03-02T06:44:00,2026-03-02T06:50:00,COMPLETED,TRK-021,Suresh N.,15.92566,80.241197
R-021,4,P-2104,2026-03-02T07:08:00,2026-03-02T07:09:00,COMPLETED,TRK-021,Suresh N.,15.897609,80.242083
R-021,5,P-2105,2026-03-02T07:25:00,2026-03-02T07:41:00,COMPLETED,TRK-021,Suresh N.,15.898694,80.231235
R-021,6,P-2106,2026-03-02T08:00:00,2026-03-02T07:55:00,COMPLETED,TRK-021,Suresh N.,15.885995,80.250404
R-022,1,P-2201,2026-03-02T05:52:00,2026-03-02T06:15:00,COMPLETED,TRK-022,Lakshmi P.,15.932284,80.295901
R-022,2,P-2202,2026-03-02T06:35:00,2026-03-02T06:32:00,COMPLETED,TRK-022,Lakshmi P.,15.938503,80.268842
R-022,3,P-2203,2026-03-02T06:54:00,2026-03-02T06:59:00,COMPLETED,TRK-022,Lakshmi P.,15.936756,80.243817
R-022,4,P-2204,2026-03-02T07:07:00,2026-03-02T07:09:00,COMPLETED,TRK-022,Lakshmi P.,15.935193,80.25364
R-022,5,P-2205,2026-03-02T07:27:00,2026-03-02T07:38:00,COMPLETED,TRK-022,Lakshmi P.,15.921289,80.272673
R-023,1,P-2301,2026-03-02T06:02:00,2026-03-02T06:17:00,COMPLETED,TRK-023,Ravi K.,15.92173,80.323334
R-023,2,P-2302,2026-03-02T06:30:00,2026-03-02T06:51:00,COMPLETED,TRK-023,Ravi K.,15.93724,80.357523
R-023,3,P-2303,2026-03-02T07:06:00,2026-03-02T07:30:00,COMPLETED,TRK-023,Ravi K.,15.969248,80.325974
R-023,4,P-2304,2026-03-02T07:46:00,2026-03-02T08:08:00,COMPLETED,TRK-023,Ravi K.,15.963388,80.315403
R-023,5,P-2305,2026-03-02T08:16:00,2026-03-02T08:37:00,COMPLETED,TRK-023,Ravi K.,15.953108,80.339669
R-023,6,P-2306,2026-03-02T08:53:00,2026-03-02T09:04:00,COMPLETED,TRK-023,Ravi K.,15.976492,80.338952
R-024,1,P-2401,2026-03-02T05:33:00,2026-03-02T05:46:00,COMPLETED,TRK-024,Mahesh R.,15.91235,80.311741
R-024,2,P-2402,2026-03-02T05:56:00,2026-03-02T06:04:00,COMPLETED,TRK-024,Mahesh R.,15.926235,80.295071
R-024,3,P-2403,2026-03-02T06:22:00,2026-03-02T06:40:00,COMPLETED,TRK-024,Mahesh R.,15.949613,80.298479
R-024,4,P-2404,2026-03-02T06:49:00,2026-03-02T07:03:00,COMPLETED,TRK-024,Mahesh R.,15.956926,80.299029
R-024,5,P-2405,2026-03-02T07:23:00,2026-03-02T07:36:00,COMPLETED,TRK-024,Mahesh R.,15.949142,80.308558
R-025,1,P-2501,2026-03-02T06:06:00,2026-03-02T06:11:00,COMPLETED,TRK-025,Anitha V.,15.877351,80.287656
R-025,2,P-2502,2026-03-02T06:26:00,2026-03-02T06:28:00,COMPLETED,TRK-025,Anitha V.,15.858729,80.274776
R-025,3,P-2503,2026-03-02T06:38:00,2026-03-02T07:03:00,COMPLETED,TRK-025,Anitha V.,15.880531,80.271595
R-025,4,P-2504,2026-03-02T07:11:00,2026-03-02T07:11:00,COMPLETED,TRK-025,Anitha V.,15.892385,80.271589
R-025,5,P-2505,2026-03-02T07:31:00,2026-03-02T07:55:00,COMPLETED,TRK-025,Anitha V.,15.860191,80.272613
R-025,6,P-2506,2026-03-02T08:06:00,2026-03-02T08:14:00,COMPLETED,TRK-025,Anitha V.,15.869996,80.263248
R-025,7,P-2507,2026-03-02T08:24:00,2026-03-02T08:40:00,COMPLETED,TRK-025,Anitha V.,15.873111,80.256208
R-026,1,P-2601,2026-03-02T05:49:00,2026-03-02T06:04:00,COMPLETED,TRK-026,Suresh N.,15.893117,80.313516
R-026,2,P-2602,2026-03-02T06:17:00,2026-03-02T06:24:00,COMPLETED,TRK-026,Suresh N.,15.880443,80.285199
R-026,3,P-2603,2026-03-02T06:37:00,2026-03-02T06:33:00,COMPLETED,TRK-026,Suresh N.,15.877027,80.279782
R-026,4,P-2604,2026-03-02T06:46:00,2026-03-02T06:59:00,COMPLETED,TRK-026,Suresh N.,15.900499,80.27304
R-026,5,P-2605,2026-03-02T07:16:00,2026-03-02T07:33:00,COMPLETED,TRK-026,Suresh N.,15.900344,80.272939
R-026,6,P-2606,2026-03-02T07:50:00,2026-03-02T08:03:00,COMPLETED,TRK-026,Suresh N.,15.901999,80.298795
R-026,7,P-2607,2026-03-02T08:13:00,,MISSED,TRK-026,Suresh N.,,
R-026,8,P-2608,2026-03-02T08:31:00,2026-03-02T08:47:00,COMPLETED,TRK-026,Suresh N.,15.86788,80.275106
R-027,1,P-2701,2026-03-02T05:37:00,2026-03-02T05:38:00,COMPLETED,TRK-027,Mahesh R.,15.881033,80.276956
R-027,2,P-2702,2026-03-02T05:57:00,2026-03-02T05:56:00,COMPLETED,TRK-027,Mahesh R.,15.879475,80.289907
R-027,3,P-2703,2026-03-02T06:07:00,2026-03-02T06:13:00,COMPLETED,TRK-027,Mahesh R.,15.909248,80.308499
R-027,4,P-2704,2026-03-02T06:33:00,2026-03-02T06:40:00,COMPLETED,TRK-027,Mahesh R.,15.952759,80.323508
R-027,5,P-2705,2026-03-02T06:49:00,,MISSED,TRK-027,Mahesh R.,,
R-027,6,P-2706,2026-03-02T07:19:00,2026-03-02T07:39:00,COMPLETED,TRK-027,Mahesh R.,15.935491,80.337267
R-027,7,P-2707,2026-03-02T07:54:00,2026-03-02T08:12:00,COMPLETED,TRK-027,Mahesh R.,15.946329,80.360381
R-027,8,P-2708,2026-03-02T08:33:00,2026-03-02T08:36:00,COMPLETED,TRK-027,Mahesh R.,15.928526,80.391701
R-027,9,P-2709,2026-03-02T08:53:00,2026-03-02T08:51:00,COMPLETED,TRK-027,Mahesh R.,15.897658,80.416521
R-028,1,P-2801,2026-03-02T05:39:00,2026-03-02T05:49:00,COMPLETED,TRK-028,Lakshmi P.,15.911366,80.296449
R-028,2,P-2802,2026-03-02T05:58:00,2026-03-02T06:04:00,COMPLETED,TRK-028,Lakshmi P.,15.876523,80.325304
R-028,3,P-2803,2026-03-02T06:21:00,2026-03-02T06:28:00,COMPLETED,TRK-028,Lakshmi P.,15.862372,80.356028
R-028,4,P-2804,2026-03-02T06:37:00,,MISSED,TRK-028,Lakshmi P.,,
R-028,5,P-2805,2026-03-02T06:43:00,2026-03-02T06:59:00,COMPLETED,TRK-028,Lakshmi P.,15.83484,80.350951
R-028,6,P-2806,2026-03-02T07:13:00,2026-03-02T07:16:00,COMPLETED,TRK-028,Lakshmi P.,15.824089,80.348298
R-029,1,P-2901,2026-03-02T05:46:00,2026-03-02T06:05:00,COMPLETED,TRK-029,Lakshmi P.,15.91299,80.283867
R-029,2,P-2902,2026-03-02T06:17:00,2026-03-02T06:20:00,COMPLETED,TRK-029,Lakshmi P.,15.92258,80.28196
R-029,3,P-2903,2026-03-02T06:29:00,2026-03-02T06:48:00,COMPLETED,TRK-029,Lakshmi P.,15.933168,80.29424
R-029,4,P-2904,2026-03-02T07:01:00,,MISSED,TRK-029,Lakshmi P.,,
R-029,5,P-2905,2026-03-02T07:46:00,2026-03-02T08:05:00,COMPLETED,TRK-029,Lakshmi P.,15.887691,80.273639
R-029,6,P-2906,2026-03-02T08:24:00,2026-03-02T08:34:00,COMPLETED,TRK-029,Lakshmi P.,15.884003,80.272028
R-029,7,P-2907,2026-03-02T08:47:00,,MISSED,TRK-029,Lakshmi P.,,
R-029,8,P-2908,2026-03-02T09:23:00,2026-03-02T09:33:00,COMPLETED,TRK-029,Lakshmi P.,15.877687,80.276416
R-030,1,P-3001,2026-03-02T05:54:00,2026-03-02T06:19:00,COMPLETED,TRK-030,Mahesh R.,15.889136,80.297928
R-030,2,P-3002,2026-03-02T06:39:00,2026-03-02T06:54:00,COMPLETED,TRK-030,Mahesh R.,15.868944,80.308964
R-030,3,P-3003,2026-03-02T07:02:00,2026-03-02T07:21:00,COMPLETED,TRK-030,Mahesh R.,15.869048,80.315351
R-030,4,P-3004,2026-03-02T07:42:00,2026-03-02T08:06:00,COMPLETED,TRK-030,Mahesh R.,15.892096,80.32993
R-030,5,P-3005,2026-03-02T08:16:00,2026-03-02T08:12:00,COMPLETED,TRK-030,Mahesh R.,15.898603,80.330521
R-030,6,P-3006,2026-03-02T08:23:00,,MISSED,TRK-030,Mahesh R.,,
