device_id,route_id,event_time,sync_time,sync_status,temperature_c,latitude,longitude
LOG-001,R-001,2026-03-02T06:03:00,2026-03-02T06:03:00,live,,,
LOG-001,R-001,2026-03-02T06:09:00,2026-03-02T06:11:00,live,4.12,15.871396,80.318763
LOG-001,R-001,2026-03-02T06:15:00,2026-03-02T06:17:00,live,-2.17,15.869821,80.318754
LOG-001,R-001,2026-03-02T06:18:00,2026-03-02T06:20:00,live,8.92,15.859207,80.32816
LOG-001,R-001,2026-03-02T06:24:00,2026-03-02T10:47:00,delayed,8.36,15.85774,80.329827
LOG-001,R-001,2026-03-02T06:30:00,2026-03-02T06:32:00,live,9.46,15.85823,80.327491
LOG-001,R-001,2026-03-02T06:45:00,2026-03-02T13:43:00,delayed,8.44,15.876102,80.333022
LOG-001,R-001,2026-03-02T06:51:00,2026-03-02T06:51:00,live,9.28,15.877472,80.332913
LOG-001,R-001,2026-03-02T06:57:00,2026-03-02T06:59:00,live,6.6,15.877813,80.332181
LOG-001,R-001,2026-03-02T07:22:00,2026-03-02T07:25:00,live,7.29,15.872959,80.298561
LOG-001,R-001,2026-03-02T07:28:00,2026-03-02T07:29:00,live,9.49,15.871821,80.299779
LOG-001,R-001,2026-03-02T07:34:00,2026-03-02T07:36:00,live,,15.872001,80.299867
LOG-001,R-001,2026-03-02T07:58:00,2026-03-02T08:31:00,delayed,8.75,15.860353,80.303844
LOG-001,R-001,2026-03-02T08:04:00,2026-03-02T08:06:00,live,9.13,15.858916,80.302556
LOG-001,R-001,2026-03-02T08:10:00,2026-03-02T08:10:00,live,8.02,15.859574,80.302156
LOG-002,R-002,2026-03-02T05:30:00,2026-03-02T05:31:00,live,4.63,15.915466,80.293437
LOG-002,R-002,2026-03-02T05:36:00,2026-03-02T05:37:00,live,3.53,15.915699,80.294074
LOG-002,R-002,2026-03-02T05:42:00,2026-03-02T05:45:00,live,4.43,15.915417,80.295899
LOG-002,R-002,2026-03-02T05:44:00,2026-03-02T07:23:00,delayed,,15.925422,80.286025
LOG-002,R-002,2026-03-02T05:50:00,2026-03-02T05:51:00,live,,15.924825,80.286244
LOG-002,R-002,2026-03-02T05:56:00,2026-03-02T05:59:00,live,4.08,15.925525,80.286415
LOG-002,R-002,2026-03-02T06:12:00,2026-03-02T06:12:00,live,3.19,15.915905,80.295089
LOG-002,R-002,2026-03-02T06:18:00,2026-03-02T15:57:00,delayed,3.12,,
LOG-002,R-002,2026-03-02T06:24:00,2026-03-02T06:27:00,live,3.9,15.916769,80.296849
LOG-002,R-002,2026-03-02T06:17:00,2026-03-02T06:18:00,live,-3.63,15.950681,80.306682
LOG-002,R-002,2026-03-02T06:23:00,2026-03-02T06:26:00,live,4.73,,
LOG-002,R-002,2026-03-02T06:29:00,2026-03-02T06:32:00,live,3.57,15.949848,80.306216
LOG-002,R-002,2026-03-02T06:53:00,2026-03-02T06:54:00,live,4.47,,
LOG-002,R-002,2026-03-02T06:59:00,2026-03-02T11:29:00,delayed,3.11,,
LOG-002,R-002,2026-03-02T07:05:00,2026-03-02T08:58:00,delayed,3.81,15.95949,80.309578
LOG-002,R-002,2026-03-02T07:23:00,2026-03-02T07:25:00,live,9.3,15.946836,80.304542
LOG-002,R-002,2026-03-02T07:29:00,2026-03-02T07:29:00,live,,15.946768,80.305439
LOG-002,R-002,2026-03-02T07:35:00,2026-03-02T07:37:00,live,7.14,15.944175,80.30506
LOG-002,R-002,2026-03-02T07:56:00,2026-03-02T07:56:00,live,,15.959958,80.283744
LOG-002,R-002,2026-03-02T08:02:00,2026-03-02T08:03:00,live,6.9,15.958836,80.284025
LOG-002,R-002,2026-03-02T08:08:00,2026-03-02T08:08:00,live,7.11,15.958417,80.283468
LOG-003,R-003,2026-03-02T05:56:00,2026-03-02T05:57:00,live,4.41,15.870026,80.312088
LOG-003,R-003,2026-03-02T06:02:00,2026-03-02T11:47:00,delayed,4.09,15.869469,80.312139
LOG-003,R-003,2026-03-02T06:08:00,2026-03-02T06:09:00,live,3.73,,
LOG-003,R-003,2026-03-02T06:28:00,2026-03-02T06:29:00,live,3.81,15.851882,80.312964
LOG-003,R-003,2026-03-02T06:34:00,2026-03-02T06:35:00,live,11.89,15.849791,80.314506
LOG-003,R-003,2026-03-02T06:40:00,2026-03-02T06:41:00,live,3.53,15.852193,80.312365
LOG-003,R-003,2026-03-02T06:45:00,2026-03-02T06:45:00,live,4.74,15.851256,80.296499
LOG-003,R-003,2026-03-02T06:51:00,2026-03-02T06:53:00,live,4.93,15.851999,80.298381
LOG-003,R-003,2026-03-02T06:57:00,2026-03-02T06:59:00,live,4.88,15.85029,80.297596
LOG-003,R-003,2026-03-02T07:05:00,2026-03-02T07:07:00,live,3.63,15.836681,80.307195
LOG-003,R-003,2026-03-02T07:11:00,2026-03-02T07:12:00,live,3.09,15.837553,80.307622
LOG-003,R-003,2026-03-02T07:17:00,2026-03-02T07:17:00,live,3.73,15.835767,80.307936
LOG-003,R-003,2026-03-02T07:25:00,2026-03-02T07:28:00,live,3.65,15.8155,80.297949
LOG-003,R-003,2026-03-02T07:31:00,2026-03-02T07:31:00,live,4.35,15.81437,80.300095
LOG-003,R-003,2026-03-02T07:37:00,2026-03-02T07:40:00,live,3.61,15.815284,80.298589
LOG-004,R-004,2026-03-02T05:59:00,,lost,4.5,15.896943,80.284165
LOG-004,R-004,2026-03-02T06:05:00,2026-03-02T06:06:00,live,3.49,,
LOG-004,R-004,2026-03-02T06:11:00,2026-03-02T06:11:00,live,4.44,15.896142,80.283489
LOG-004,R-004,2026-03-02T06:29:00,2026-03-02T06:32:00,live,4.04,15.891445,80.285269
LOG-004,R-004,2026-03-02T06:35:00,2026-03-02T06:38:00,live,4.34,15.892126,80.285971
LOG-004,R-004,2026-03-02T06:41:00,2026-03-02T06:43:00,live,4.66,15.891456,80.287349
LOG-004,R-004,2026-03-02T07:08:00,2026-03-02T07:10:00,live,,15.894383,80.265096
LOG-004,R-004,2026-03-02T07:14:00,2026-03-02T11:23:00,delayed,4.79,15.895983,80.263494
LOG-004,R-004,2026-03-02T07:20:00,2026-03-02T15:00:00,delayed,3.13,15.896204,80.265494
LOG-004,R-004,2026-03-02T07:22:00,2026-03-02T07:25:00,live,,15.904923,80.242364
LOG-004,R-004,2026-03-02T07:28:00,2026-03-02T07:30:00,live,4.08,15.906077,80.242225
LOG-004,R-004,2026-03-02T07:34:00,2026-03-02T07:35:00,live,10.55,15.905123,80.243096
LOG-004,R-004,2026-03-02T07:54:00,2026-03-02T07:55:00,live,8.67,,
LOG-004,R-004,2026-03-02T08:00:00,2026-03-02T08:03:00,live,3.91,15.917361,80.231571
LOG-004,R-004,2026-03-02T08:06:00,2026-03-02T08:08:00,live,,15.915441,80.23102
LOG-005,R-005,2026-03-02T05:44:00,2026-03-02T05:45:00,live,4.34,15.92311,80.332151
LOG-005,R-005,2026-03-02T05:50:00,2026-03-02T11:38:00,delayed,4.21,15.922924,80.331349
LOG-005,R-005,2026-03-02T05:56:00,2026-03-02T05:57:00,live,9.52,15.921648,80.330622
LOG-005,R-005,2026-03-02T06:10:00,2026-03-02T06:12:00,live,4.7,15.950106,80.304449
LOG-005,R-005,2026-03-02T06:16:00,,lost,,15.950113,80.303308
LOG-005,R-005,2026-03-02T06:22:00,2026-03-02T06:25:00,live,3.84,15.950084,80.303749
LOG-005,R-005,2026-03-02T06:38:00,2026-03-02T06:40:00,live,4.3,15.951261,80.32682
LOG-005,R-005,2026-03-02T06:44:00,2026-03-02T06:47:00,live,3.64,15.94893,80.326757
LOG-005,R-005,2026-03-02T06:50:00,2026-03-02T06:53:00,live,4.14,15.951077,80.325569
LOG-005,R-005,2026-03-02T06:54:00,2026-03-02T14:20:00,delayed,,15.938446,80.312105
LOG-005,R-005,2026-03-02T07:00:00,2026-03-02T07:00:00,live,3.98,15.939354,80.312321
LOG-005,R-005,2026-03-02T07:06:00,2026-03-02T07:09:00,live,3.19,15.939802,80.311341
LOG-005,R-005,2026-03-02T07:26:00,2026-03-02T07:28:00,live,3.7,15.925259,80.32586
LOG-005,R-005,2026-03-02T07:32:00,2026-03-02T16:17:00,delayed,3.24,15.926928,80.327166
LOG-005,R-005,2026-03-02T07:38:00,2026-03-02T07:39:00,live,3.55,15.926007,80.326343
LOG-006,R-006,2026-03-02T06:04:00,2026-03-02T06:07:00,live,4.28,,
LOG-006,R-006,2026-03-02T06:10:00,2026-03-02T06:10:00,live,,15.91697,80.281209
LOG-006,R-006,2026-03-02T06:16:00,2026-03-02T11:57:00,delayed,3.8,,
LOG-006,R-006,2026-03-02T06:25:00,2026-03-02T06:28:00,live,8.87,15.894709,80.288348
LOG-006,R-006,2026-03-02T06:31:00,2026-03-02T10:37:00,delayed,8.36,15.895155,80.288488
LOG-006,R-006,2026-03-02T06:37:00,2026-03-02T06:40:00,live,6.74,15.896359,80.287403
LOG-006,R-006,2026-03-02T06:54:00,2026-03-02T06:55:00,live,6.71,15.884965,80.302869
LOG-006,R-006,2026-03-02T07:00:00,2026-03-02T10:19:00,delayed,8.13,15.884571,80.304603
LOG-006,R-006,2026-03-02T07:06:00,2026-03-02T07:08:00,live,8.29,15.885538,80.302405
LOG-006,R-006,2026-03-02T07:22:00,2026-03-02T08:13:00,delayed,6.62,15.868508,80.306826
LOG-006,R-006,2026-03-02T07:28:00,2026-03-02T07:31:00,live,,15.867373,80.308163
LOG-006,R-006,2026-03-02T07:34:00,2026-03-02T14:00:00,delayed,7.04,15.869085,80.306787
LOG-006,R-006,2026-03-02T07:38:00,2026-03-02T07:41:00,live,8.58,15.903387,80.278305
LOG-006,R-006,2026-03-02T07:44:00,2026-03-02T07:44:00,live,7.26,15.90254,80.27684
LOG-006,R-006,2026-03-02T07:50:00,2026-03-02T07:53:00,live,8.13,15.901587,80.279201
LOG-006,R-006,2026-03-02T08:02:00,2026-03-02T08:03:00,live,,15.904079,80.262574
LOG-006,R-006,2026-03-02T08:08:00,2026-03-02T10:38:00,delayed,6.54,15.903891,80.262674
LOG-006,R-006,2026-03-02T08:14:00,2026-03-02T08:17:00,live,6.96,15.902036,80.261444
LOG-006,R-006,2026-03-02T08:29:00,2026-03-02T08:32:00,live,8.3,,
LOG-006,R-006,2026-03-02T08:35:00,2026-03-02T08:38:00,live,,15.923887,80.283441
LOG-006,R-006,2026-03-02T08:41:00,2026-03-02T08:43:00,live,7.84,15.924165,80.281683
LOG-006,R-006,2026-03-02T08:53:00,2026-03-02T08:54:00,live,6.63,15.910737,80.278037
LOG-006,R-006,2026-03-02T08:59:00,2026-03-02T09:02:00,live,6.61,15.912171,80.280149
LOG-006,R-006,2026-03-02T09:05:00,2026-03-02T09:07:00,live,3.59,15.911161,80.279437
LOG-006,R-006,2026-03-02T09:08:00,2026-03-02T09:08:00,live,9.08,15.924142,80.287768
LOG-006,R-006,2026-03-02T09:14:00,2026-03-02T11:24:00,delayed,7.2,15.926061,80.287893
LOG-006,R-006,2026-03-02T09:20:00,,lost,8.61,15.925915,80.287637
LOG-007,R-007,2026-03-02T06:05:00,2026-03-02T06:06:00,live,3.35,15.890154,80.312628
LOG-007,R-007,2026-03-02T06:11:00,2026-03-02T06:14:00,live,3.46,15.890479,80.313546
LOG-007,R-007,2026-03-02T06:17:00,2026-03-02T06:19:00,live,4.8,15.890848,80.313432
LOG-007,R-007,2026-03-02T06:27:00,2026-03-02T06:29:00,live,3.6,,
LOG-007,R-007,2026-03-02T06:33:00,2026-03-02T06:35:00,live,4.15,15.926396,80.339112
LOG-007,R-007,2026-03-02T06:39:00,2026-03-02T06:42:00,live,3.02,15.926631,80.336803
LOG-007,R-007,2026-03-02T07:07:00,2026-03-02T07:08:00,live,4.6,15.95234,80.31953
LOG-007,R-007,2026-03-02T07:13:00,2026-03-02T07:15:00,live,4.26,15.952013,80.319199
LOG-007,R-007,2026-03-02T07:19:00,2026-03-02T10:04:00,delayed,4.46,15.952548,80.318602
LOG-007,R-007,2026-03-02T07:34:00,2026-03-02T07:36:00,live,4.66,15.96986,80.308249
LOG-007,R-007,2026-03-02T07:40:00,2026-03-02T14:56:00,delayed,,15.970217,80.307565
LOG-007,R-007,2026-03-02T07:46:00,,lost,4.93,15.970803,80.309016
LOG-007,R-007,2026-03-02T08:03:00,2026-03-02T08:06:00,live,3.52,15.980958,80.301274
LOG-007,R-007,2026-03-02T08:09:00,2026-03-02T09:43:00,delayed,3.05,15.980827,80.300253
LOG-007,R-007,2026-03-02T08:15:00,2026-03-02T09:31:00,delayed,4.27,15.979203,80.301064
LOG-007,R-007,2026-03-02T08:16:00,2026-03-02T08:19:00,live,4.77,16.016429,80.286995
LOG-007,R-007,2026-03-02T08:22:00,2026-03-02T08:25:00,live,4.17,16.017828,80.288092
LOG-007,R-007,2026-03-02T08:28:00,2026-03-02T08:29:00,live,4.88,16.016348,80.286983
LOG-007,R-007,2026-03-02T08:40:00,2026-03-02T16:55:00,delayed,4.96,16.042503,80.263381
LOG-007,R-007,2026-03-02T08:46:00,2026-03-02T14:57:00,delayed,3.18,16.042198,80.262637
LOG-007,R-007,2026-03-02T08:52:00,2026-03-02T08:53:00,live,3.49,,
LOG-007,R-007,2026-03-02T09:12:00,2026-03-02T10:08:00,delayed,-3.15,16.047832,80.261813
LOG-007,R-007,2026-03-02T09:18:00,,lost,3.26,16.047665,80.260187
LOG-007,R-007,2026-03-02T09:24:00,2026-03-02T17:33:00,delayed,3.53,,
LOG-008,R-008,2026-03-02T06:25:00,2026-03-02T06:25:00,live,,15.8858,80.314124
LOG-008,R-008,2026-03-02T06:31:00,2026-03-02T06:31:00,live,,,
LOG-008,R-008,2026-03-02T06:37:00,2026-03-02T06:39:00,live,3.25,15.886016,80.313081
LOG-008,R-008,2026-03-02T06:37:00,2026-03-02T06:40:00,live,3.23,15.897558,80.309923
LOG-008,R-008,2026-03-02T06:43:00,2026-03-02T06:43:00,live,3.9,15.897815,80.31199
LOG-008,R-008,2026-03-02T06:49:00,2026-03-02T06:52:00,live,3.63,15.896073,80.311057
LOG-008,R-008,2026-03-02T06:54:00,2026-03-02T06:56:00,live,4.48,15.906738,80.313164
LOG-008,R-008,2026-03-02T07:00:00,2026-03-02T07:00:00,live,4.34,15.907663,80.310711
LOG-008,R-008,2026-03-02T07:06:00,2026-03-02T15:49:00,delayed,4.94,15.906936,80.312868
LOG-008,R-008,2026-03-02T07:29:00,2026-03-02T07:29:00,live,3.23,15.941839,80.338082
LOG-008,R-008,2026-03-02T07:35:00,2026-03-02T07:37:00,live,4.22,,
LOG-008,R-008,2026-03-02T07:41:00,2026-03-02T07:41:00,live,4.84,15.942215,80.338484
LOG-008,R-008,2026-03-02T07:56:00,2026-03-02T07:56:00,live,3.75,15.949297,80.32902
LOG-008,R-008,2026-03-02T08:02:00,2026-03-02T16:05:00,delayed,4.77,,
LOG-008,R-008,2026-03-02T08:08:00,2026-03-02T08:08:00,live,4.32,15.949133,80.328845
LOG-008,R-008,2026-03-02T08:24:00,2026-03-02T08:24:00,live,,15.959419,80.316846
LOG-008,R-008,2026-03-02T08:30:00,2026-03-02T08:30:00,live,3.41,15.958277,80.315537
LOG-008,R-008,2026-03-02T08:36:00,2026-03-02T08:38:00,live,3.02,15.957662,80.316559
LOG-008,R-008,2026-03-02T08:33:00,2026-03-02T08:35:00,live,3.16,15.998579,80.293066
LOG-008,R-008,2026-03-02T08:39:00,2026-03-02T08:41:00,live,7.92,15.998203,80.292399
LOG-008,R-008,2026-03-02T08:45:00,2026-03-02T08:48:00,live,3.18,15.996719,80.29243
LOG-008,R-008,2026-03-02T08:49:00,2026-03-02T08:50:00,live,8.4,15.983495,80.2775
LOG-008,R-008,2026-03-02T08:55:00,2026-03-02T08:56:00,live,6.94,15.984221,80.277009
LOG-008,R-008,2026-03-02T09:01:00,2026-03-02T09:03:00,live,8.38,15.983386,80.278511
LOG-008,R-008,2026-03-02T09:08:00,2026-03-02T09:11:00,live,,15.971588,80.29076
LOG-008,R-008,2026-03-02T09:14:00,2026-03-02T18:23:00,delayed,7.61,15.97078,80.292053
LOG-008,R-008,2026-03-02T09:20:00,2026-03-02T09:21:00,live,8.24,,
LOG-009,R-009,2026-03-02T05:54:00,2026-03-02T05:57:00,live,4.43,15.89368,80.316753
LOG-009,R-009,2026-03-02T06:00:00,2026-03-02T06:02:00,live,4.05,15.893836,80.316094
LOG-009,R-009,2026-03-02T06:06:00,2026-03-02T06:09:00,live,4.36,15.892463,80.31546
LOG-009,R-009,2026-03-02T06:14:00,2026-03-02T06:17:00,live,4.17,15.856938,80.344614
LOG-009,R-009,2026-03-02T06:20:00,2026-03-02T06:22:00,live,3.26,15.855298,80.345008
LOG-009,R-009,2026-03-02T06:26:00,2026-03-02T06:26:00,live,4.63,15.855824,80.345035
LOG-009,R-009,2026-03-02T06:36:00,2026-03-02T09:26:00,delayed,3.62,15.848658,80.310528
LOG-009,R-009,2026-03-02T06:42:00,2026-03-02T06:42:00,live,3.31,15.848851,80.310916
LOG-009,R-009,2026-03-02T06:48:00,2026-03-02T10:23:00,delayed,4.32,15.848537,80.311047
LOG-009,R-009,2026-03-02T07:14:00,2026-03-02T07:15:00,live,4.62,15.837636,80.304089
LOG-009,R-009,2026-03-02T07:20:00,2026-03-02T07:21:00,live,4.94,15.838185,80.304555
LOG-009,R-009,2026-03-02T07:26:00,2026-03-02T07:29:00,live,3.62,15.835798,80.306536
LOG-009,R-009,2026-03-02T07:41:00,2026-03-02T07:41:00,live,3.84,15.828538,80.325988
LOG-009,R-009,2026-03-02T07:47:00,2026-03-02T07:47:00,live,4.28,,
LOG-009,R-009,2026-03-02T07:53:00,2026-03-02T15:50:00,delayed,3.57,15.830108,80.326549
LOG-009,R-009,2026-03-02T08:11:00,2026-03-02T08:11:00,live,4.86,15.849895,80.352992
LOG-009,R-009,2026-03-02T08:17:00,2026-03-02T13:40:00,delayed,-3.61,15.851176,80.35394
LOG-009,R-009,2026-03-02T08:23:00,2026-03-02T08:23:00,live,4.83,15.849307,80.35368
LOG-009,R-009,2026-03-02T08:24:00,2026-03-02T08:26:00,live,4.1,,
LOG-009,R-009,2026-03-02T08:30:00,2026-03-02T17:31:00,delayed,3.24,15.832867,80.35074
LOG-009,R-009,2026-03-02T08:36:00,2026-03-02T08:39:00,live,-2.68,,
LOG-009,R-009,2026-03-02T08:46:00,2026-03-02T08:49:00,live,4.05,15.82925,80.356071
LOG-009,R-009,2026-03-02T08:52:00,2026-03-02T08:52:00,live,3.09,15.829242,80.356015
LOG-009,R-009,2026-03-02T08:58:00,2026-03-02T09:00:00,live,3.69,15.8287,80.356105
LOG-009,R-009,2026-03-02T08:52:00,2026-03-02T08:55:00,live,3.68,15.82,80.326379
LOG-009,R-009,2026-03-02T08:58:00,2026-03-02T09:00:00,live,,15.821708,80.325435
LOG-009,R-009,2026-03-02T09:04:00,2026-03-02T09:07:00,live,3.4,15.821348,80.325594
LOG-010,R-010,2026-03-02T05:55:00,2026-03-02T05:56:00,live,3.74,15.907842,80.271033
LOG-010,R-010,2026-03-02T06:01:00,2026-03-02T06:04:00,live,3.99,15.908097,80.271761
LOG-010,R-010,2026-03-02T06:07:00,2026-03-02T06:07:00,live,3.16,15.908526,80.270532
LOG-010,R-010,2026-03-02T06:16:00,2026-03-02T06:18:00,live,3.85,,
LOG-010,R-010,2026-03-02T06:22:00,2026-03-02T13:47:00,delayed,4.23,15.926746,80.259428
LOG-010,R-010,2026-03-02T06:28:00,2026-03-02T14:26:00,delayed,3.73,15.928401,80.259518
LOG-010,R-010,2026-03-02T06:46:00,2026-03-02T06:48:00,live,,15.936564,80.23552
LOG-010,R-010,2026-03-02T06:52:00,2026-03-02T06:54:00,live,3.74,15.936885,80.235298
LOG-010,R-010,2026-03-02T06:58:00,2026-03-02T06:58:00,live,3.5,15.936254,80.234828
LOG-010,R-010,2026-03-02T07:14:00,2026-03-02T08:59:00,delayed,4.22,15.924346,80.260961
LOG-010,R-010,2026-03-02T07:20:00,2026-03-02T07:22:00,live,3.9,,
LOG-010,R-010,2026-03-02T07:26:00,2026-03-02T07:27:00,live,4.34,15.924223,80.261255
LOG-010,R-010,2026-03-02T07:40:00,,lost,3.24,15.924987,80.255315
LOG-010,R-010,2026-03-02T07:46:00,2026-03-02T07:46:00,live,4.11,15.924005,80.254329
LOG-010,R-010,2026-03-02T07:52:00,2026-03-02T07:55:00,live,3.13,15.923261,80.254911
LOG-010,R-010,2026-03-02T07:55:00,2026-03-02T07:56:00,live,3.9,15.931396,80.27213
LOG-010,R-010,2026-03-02T08:01:00,2026-03-02T08:02:00,live,4.54,15.931182,80.273404
LOG-010,R-010,2026-03-02T08:07:00,2026-03-02T08:09:00,live,3.61,15.931107,80.271527
LOG-011,R-011,2026-03-02T06:21:00,2026-03-02T06:23:00,live,4.18,15.885827,80.30959
LOG-011,R-011,2026-03-02T06:27:00,2026-03-02T11:28:00,delayed,4.69,,
LOG-011,R-011,2026-03-02T06:33:00,2026-03-02T06:35:00,live,4.3,15.88773,80.310246
LOG-011,R-011,2026-03-02T06:38:00,2026-03-02T06:41:00,live,,,
LOG-011,R-011,2026-03-02T06:44:00,2026-03-02T06:46:00,live,3.93,15.894033,80.30341
LOG-011,R-011,2026-03-02T06:50:00,2026-03-02T06:53:00,live,4.95,15.893558,80.30162
LOG-011,R-011,2026-03-02T06:48:00,2026-03-02T06:49:00,live,3.58,15.895462,80.29723
LOG-011,R-011,2026-03-02T06:54:00,2026-03-02T16:11:00,delayed,4.63,15.897866,80.298164
LOG-011,R-011,2026-03-02T07:00:00,2026-03-02T07:03:00,live,3.93,,
LOG-011,R-011,2026-03-02T07:11:00,2026-03-02T07:11:00,live,3.56,15.899483,80.285047
LOG-011,R-011,2026-03-02T07:17:00,2026-03-02T07:19:00,live,4.69,15.900744,80.285199
LOG-011,R-011,2026-03-02T07:23:00,2026-03-02T07:26:00,live,3.09,15.902059,80.284961
LOG-011,R-011,2026-03-02T07:36:00,2026-03-02T07:39:00,live,3.56,,
LOG-011,R-011,2026-03-02T07:42:00,2026-03-02T16:53:00,delayed,3.75,15.885766,80.270566
LOG-011,R-011,2026-03-02T07:48:00,2026-03-02T07:49:00,live,-0.75,15.887149,80.271092
LOG-011,R-011,2026-03-02T07:49:00,2026-03-02T07:52:00,live,4.23,15.89395,80.264802
LOG-011,R-011,2026-03-02T07:55:00,2026-03-02T07:58:00,live,4.42,15.896105,80.26284
LOG-011,R-011,2026-03-02T08:01:00,,lost,4.17,15.89421,80.264118
LOG-011,R-011,2026-03-02T08:08:00,2026-03-02T08:09:00,live,4.17,15.897599,80.285678
LOG-011,R-011,2026-03-02T08:14:00,2026-03-02T16:15:00,delayed,4.64,15.898146,80.286163
LOG-011,R-011,2026-03-02T08:20:00,2026-03-02T08:23:00,live,3.63,15.897503,80.286522
LOG-012,R-012,2026-03-02T05:57:00,2026-03-02T05:59:00,live,3.35,15.917059,80.323402
LOG-012,R-012,2026-03-02T06:03:00,2026-03-02T11:37:00,delayed,4.22,15.918604,80.32283
LOG-012,R-012,2026-03-02T06:09:00,2026-03-02T06:11:00,live,4.54,15.916911,80.323353
LOG-012,R-012,2026-03-02T06:27:00,2026-03-02T06:29:00,live,4.96,15.92182,80.302442
LOG-012,R-012,2026-03-02T06:33:00,2026-03-02T06:34:00,live,4.91,15.921854,80.301382
LOG-012,R-012,2026-03-02T06:39:00,2026-03-02T11:14:00,delayed,3.4,15.919991,80.301455
LOG-012,R-012,2026-03-02T06:53:00,2026-03-02T16:46:00,delayed,3.2,15.887365,80.323015
LOG-012,R-012,2026-03-02T06:59:00,2026-03-02T07:00:00,live,4.96,15.887347,80.322459
LOG-012,R-012,2026-03-02T07:05:00,2026-03-02T07:06:00,live,4.51,,
LOG-012,R-012,2026-03-02T07:39:00,2026-03-02T07:42:00,live,4.76,15.868041,80.336529
LOG-012,R-012,2026-03-02T07:45:00,2026-03-02T13:20:00,delayed,3.37,15.867,80.335306
LOG-012,R-012,2026-03-02T07:51:00,2026-03-02T07:54:00,live,4.14,15.866635,80.335127
LOG-012,R-012,2026-03-02T08:11:00,2026-03-02T08:12:00,live,3.39,15.856504,80.337506
LOG-012,R-012,2026-03-02T08:17:00,2026-03-02T15:42:00,delayed,3.03,15.856952,80.337663
LOG-012,R-012,2026-03-02T08:23:00,2026-03-02T11:16:00,delayed,4.65,15.858172,80.338032
LOG-012,R-012,2026-03-02T08:22:00,2026-03-02T08:24:00,live,3.89,15.838215,80.334207
LOG-012,R-012,2026-03-02T08:28:00,2026-03-02T08:31:00,live,,,
LOG-012,R-012,2026-03-02T08:34:00,2026-03-02T08:36:00,live,4.37,15.838909,80.335724
LOG-013,R-013,2026-03-02T06:32:00,2026-03-02T06:32:00,live,4.08,15.914019,80.304905
LOG-013,R-013,2026-03-02T06:38:00,2026-03-02T16:28:00,delayed,4.05,15.914697,80.304648
LOG-013,R-013,2026-03-02T06:44:00,2026-03-02T06:47:00,live,4.81,15.914962,80.303665
LOG-013,R-013,2026-03-02T07:04:00,2026-03-02T07:04:00,live,,15.916721,80.316588
LOG-013,R-013,2026-03-02T07:10:00,2026-03-02T07:10:00,live,4.12,,
LOG-013,R-013,2026-03-02T07:16:00,2026-03-02T08:47:00,delayed,,15.91882,80.318135
LOG-013,R-013,2026-03-02T07:36:00,2026-03-02T07:39:00,live,3.82,15.915308,80.324308
LOG-013,R-013,2026-03-02T07:42:00,2026-03-02T07:42:00,live,3.75,15.916553,80.322104
LOG-013,R-013,2026-03-02T07:48:00,2026-03-02T07:49:00,live,4.37,15.916706,80.323641
LOG-013,R-013,2026-03-02T07:59:00,2026-03-02T08:02:00,live,,,
LOG-013,R-013,2026-03-02T08:05:00,2026-03-02T08:05:00,live,4.06,15.900299,80.326737
LOG-013,R-013,2026-03-02T08:11:00,2026-03-02T08:12:00,live,3.06,15.900513,80.326794
LOG-013,R-013,2026-03-02T08:12:00,2026-03-02T08:13:00,live,4.34,,
LOG-013,R-013,2026-03-02T08:18:00,2026-03-02T08:20:00,live,4.51,15.923452,80.362369
LOG-013,R-013,2026-03-02T08:24:00,2026-03-02T08:25:00,live,4.15,15.925534,80.362585
LOG-013,R-013,2026-03-02T08:32:00,2026-03-02T08:34:00,live,4.76,15.914831,80.350416
LOG-013,R-013,2026-03-02T08:38:00,2026-03-02T08:39:00,live,4.88,15.915094,80.350987
LOG-013,R-013,2026-03-02T08:44:00,2026-03-02T11:41:00,delayed,3.6,15.916265,80.350686
LOG-014,R-014,2026-03-02T05:43:00,2026-03-02T10:47:00,delayed,4.84,15.904323,80.287753
LOG-014,R-014,2026-03-02T05:49:00,2026-03-02T05:50:00,live,,,
LOG-014,R-014,2026-03-02T05:55:00,,lost,3.96,15.90539,80.287528
LOG-014,R-014,2026-03-02T06:21:00,2026-03-02T06:23:00,live,3.49,15.888158,80.303222
LOG-014,R-014,2026-03-02T06:27:00,2026-03-02T06:30:00,live,3.76,15.889174,80.304257
LOG-014,R-014,2026-03-02T06:33:00,2026-03-02T06:34:00,live,3.93,15.88792,80.304808
LOG-014,R-014,2026-03-02T06:42:00,2026-03-02T06:43:00,live,9.66,15.906712,80.332423
LOG-014,R-014,2026-03-02T06:48:00,2026-03-02T06:51:00,live,4.0,15.9085,80.332603
LOG-014,R-014,2026-03-02T06:54:00,2026-03-02T06:55:00,live,3.92,15.907638,80.332204
LOG-014,R-014,2026-03-02T07:25:00,2026-03-02T07:28:00,live,3.07,15.906867,80.317067
LOG-014,R-014,2026-03-02T07:31:00,2026-03-02T15:47:00,delayed,,15.905988,80.314516
LOG-014,R-014,2026-03-02T07:37:00,2026-03-02T07:40:00,live,3.75,15.906007,80.316011
LOG-014,R-014,2026-03-02T07:28:00,2026-03-02T07:31:00,live,9.96,15.92433,80.317117
LOG-014,R-014,2026-03-02T07:34:00,2026-03-02T11:20:00,delayed,4.61,,
LOG-014,R-014,2026-03-02T07:40:00,2026-03-02T15:05:00,delayed,4.24,15.923215,80.316707
LOG-014,R-014,2026-03-02T07:49:00,2026-03-02T15:14:00,delayed,4.66,15.936593,80.308223
LOG-014,R-014,2026-03-02T07:55:00,2026-03-02T16:56:00,delayed,,,
LOG-014,R-014,2026-03-02T08:01:00,2026-03-02T08:01:00,live,4.69,15.938104,80.307369
LOG-014,R-014,2026-03-02T08:07:00,2026-03-02T13:59:00,delayed,3.15,15.967594,80.294549
LOG-014,R-014,2026-03-02T08:13:00,2026-03-02T08:13:00,live,3.03,15.968024,80.295096
LOG-014,R-014,2026-03-02T08:19:00,2026-03-02T08:21:00,live,3.6,15.968044,80.29382
LOG-014,R-014,2026-03-02T08:40:00,2026-03-02T08:40:00,live,,15.967236,80.322031
LOG-014,R-014,2026-03-02T08:46:00,2026-03-02T08:49:00,live,3.87,15.968433,80.322446
LOG-014,R-014,2026-03-02T08:52:00,2026-03-02T08:53:00,live,4.94,15.966478,80.320273
LOG-014,R-014,2026-03-02T08:54:00,2026-03-02T08:54:00,live,4.32,15.978912,80.33874
LOG-014,R-014,2026-03-02T09:00:00,2026-03-02T09:02:00,live,3.54,15.979902,80.338269
LOG-014,R-014,2026-03-02T09:06:00,2026-03-02T16:57:00,delayed,8.99,,
LOG-015,R-015,2026-03-02T06:12:00,2026-03-02T06:13:00,live,3.77,,
LOG-015,R-015,2026-03-02T06:18:00,2026-03-02T06:21:00,live,4.14,15.914343,80.27164
LOG-015,R-015,2026-03-02T06:24:00,2026-03-02T06:26:00,live,3.29,15.914079,80.270419
LOG-015,R-015,2026-03-02T06:46:00,2026-03-02T06:49:00,live,4.23,,
LOG-015,R-015,2026-03-02T06:52:00,2026-03-02T06:53:00,live,4.61,15.921342,80.287201
LOG-015,R-015,2026-03-02T06:58:00,2026-03-02T14:15:00,delayed,3.6,15.923752,80.286857
LOG-015,R-015,2026-03-02T07:22:00,2026-03-02T07:24:00,live,4.94,15.916402,80.27272
LOG-015,R-015,2026-03-02T07:28:00,2026-03-02T07:28:00,live,3.23,15.916909,80.273114
LOG-015,R-015,2026-03-02T07:34:00,2026-03-02T07:34:00,live,4.91,15.917702,80.272672
LOG-015,R-015,2026-03-02T07:50:00,2026-03-02T07:53:00,live,3.61,15.909957,80.254856
LOG-015,R-015,2026-03-02T07:56:00,2026-03-02T07:59:00,live,4.98,15.90982,80.253611
LOG-015,R-015,2026-03-02T08:02:00,2026-03-02T08:02:00,live,4.09,15.910587,80.253213
LOG-015,R-015,2026-03-02T08:24:00,2026-03-02T10:34:00,delayed,12.16,15.905004,80.266163
LOG-015,R-015,2026-03-02T08:30:00,2026-03-02T08:33:00,live,3.52,15.906141,80.265408
LOG-015,R-015,2026-03-02T08:36:00,2026-03-02T09:31:00,delayed,3.75,15.906101,80.266389
LOG-016,R-016,2026-03-02T06:00:00,2026-03-02T06:00:00,live,3.95,15.87709,80.31835
LOG-016,R-016,2026-03-02T06:06:00,2026-03-02T06:07:00,live,3.05,15.877139,80.316744
LOG-016,R-016,2026-03-02T06:12:00,2026-03-02T06:15:00,live,4.03,15.876583,80.317475
LOG-016,R-016,2026-03-02T06:34:00,2026-03-02T06:35:00,live,3.06,15.898034,80.278069
LOG-016,R-016,2026-03-02T06:40:00,2026-03-02T16:19:00,delayed,3.41,,
LOG-016,R-016,2026-03-02T06:46:00,2026-03-02T06:48:00,live,3.37,15.896529,80.278183
LOG-016,R-016,2026-03-02T07:01:00,2026-03-02T07:01:00,live,3.7,15.915107,80.304337
LOG-016,R-016,2026-03-02T07:07:00,2026-03-02T07:08:00,live,4.34,,
LOG-016,R-016,2026-03-02T07:13:00,2026-03-02T16:53:00,delayed,4.02,15.915894,80.302406
LOG-016,R-016,2026-03-02T07:17:00,2026-03-02T07:17:00,live,3.28,,
LOG-016,R-016,2026-03-02T07:23:00,2026-03-02T07:26:00,live,3.97,15.929104,80.290736
LOG-016,R-016,2026-03-02T07:29:00,2026-03-02T08:30:00,delayed,4.37,15.92784,80.28903
LOG-016,R-016,2026-03-02T07:25:00,2026-03-02T07:25:00,live,4.08,15.916797,80.300875
LOG-016,R-016,2026-03-02T07:31:00,2026-03-02T07:31:00,live,4.15,15.916807,80.302819
LOG-016,R-016,2026-03-02T07:37:00,2026-03-02T07:38:00,live,4.52,15.916152,80.303143
LOG-016,R-016,2026-03-02T07:43:00,2026-03-02T07:45:00,live,4.63,15.898643,80.321287
LOG-016,R-016,2026-03-02T07:49:00,2026-03-02T07:50:00,live,4.72,15.897017,80.32125
LOG-016,R-016,2026-03-02T07:55:00,2026-03-02T13:24:00,delayed,4.61,15.896066,80.320563
LOG-017,R-017,2026-03-02T05:32:00,2026-03-02T05:35:00,live,3.27,15.891066,80.31629
LOG-017,R-017,2026-03-02T05:38:00,2026-03-02T05:38:00,live,3.98,15.891511,80.315064
LOG-017,R-017,2026-03-02T05:44:00,2026-03-02T05:47:00,live,3.81,15.890951,80.316131
LOG-017,R-017,2026-03-02T06:12:00,2026-03-02T06:15:00,live,3.19,15.894975,80.329906
LOG-017,R-017,2026-03-02T06:18:00,2026-03-02T06:20:00,live,3.44,15.89642,80.330689
LOG-017,R-017,2026-03-02T06:24:00,2026-03-02T06:24:00,live,4.09,15.897165,80.329813
LOG-017,R-017,2026-03-02T06:18:00,2026-03-02T06:19:00,live,3.32,15.875296,80.314609
LOG-017,R-017,2026-03-02T06:24:00,2026-03-02T13:03:00,delayed,4.76,15.874411,80.314459
LOG-017,R-017,2026-03-02T06:30:00,2026-03-02T06:32:00,live,3.5,15.874612,80.315295
LOG-017,R-017,2026-03-02T06:47:00,2026-03-02T06:50:00,live,,15.879312,80.327072
LOG-017,R-017,2026-03-02T06:53:00,2026-03-02T06:54:00,live,3.02,15.877742,80.328182
LOG-017,R-017,2026-03-02T06:59:00,2026-03-02T13:45:00,delayed,3.96,15.879309,80.329296
LOG-017,R-017,2026-03-02T07:20:00,2026-03-02T07:21:00,live,4.75,,
LOG-017,R-017,2026-03-02T07:26:00,2026-03-02T07:29:00,live,3.88,15.899483,80.315353
LOG-017,R-017,2026-03-02T07:32:00,2026-03-02T07:35:00,live,4.72,15.898981,80.313787
LOG-017,R-017,2026-03-02T07:53:00,2026-03-02T07:53:00,live,3.55,15.902814,80.311909
LOG-017,R-017,2026-03-02T07:59:00,2026-03-02T08:02:00,live,4.7,15.904593,80.312808
LOG-017,R-017,2026-03-02T08:05:00,2026-03-02T08:05:00,live,3.59,15.904092,80.313313
LOG-018,R-018,2026-03-02T05:46:00,,lost,4.37,15.932204,80.266743
LOG-018,R-018,2026-03-02T05:52:00,2026-03-02T05:54:00,live,,,
LOG-018,R-018,2026-03-02T05:58:00,2026-03-02T15:37:00,delayed,4.26,15.93301,80.267174
LOG-018,R-018,2026-03-02T05:55:00,2026-03-02T05:55:00,live,4.02,15.919034,80.249391
LOG-018,R-018,2026-03-02T06:01:00,2026-03-02T06:04:00,live,3.62,15.920314,80.249401
LOG-018,R-018,2026-03-02T06:07:00,2026-03-02T06:08:00,live,,15.92018,80.249489
LOG-018,R-018,2026-03-02T06:09:00,2026-03-02T08:48:00,delayed,4.91,15.900032,80.270334
LOG-018,R-018,2026-03-02T06:15:00,2026-03-02T06:17:00,live,4.5,,
LOG-018,R-018,2026-03-02T06:21:00,2026-03-02T06:21:00,live,,15.898762,80.272156
LOG-018,R-018,2026-03-02T06:18:00,2026-03-02T06:18:00,live,4.13,,
LOG-018,R-018,2026-03-02T06:24:00,2026-03-02T06:27:00,live,,15.87999,80.25335
LOG-018,R-018,2026-03-02T06:30:00,2026-03-02T14:09:00,delayed,3.73,15.878917,80.252039
LOG-018,R-018,2026-03-02T06:56:00,2026-03-02T06:57:00,live,3.54,15.872257,80.237015
LOG-018,R-018,2026-03-02T07:02:00,2026-03-02T07:04:00,live,,15.872497,80.23762
LOG-018,R-018,2026-03-02T07:08:00,2026-03-02T07:10:00,live,4.55,15.871371,80.235379
LOG-018,R-018,2026-03-02T07:29:00,2026-03-02T07:30:00,live,3.74,15.837513,80.260788
LOG-018,R-018,2026-03-02T07:35:00,2026-03-02T07:35:00,live,,15.836612,80.262322
LOG-018,R-018,2026-03-02T07:41:00,2026-03-02T07:42:00,live,12.3,,
LOG-018,R-018,2026-03-02T07:56:00,2026-03-02T07:59:00,live,3.09,15.856934,80.263561
LOG-018,R-018,2026-03-02T08:02:00,2026-03-02T08:02:00,live,4.95,15.855472,80.263763
LOG-018,R-018,2026-03-02T08:08:00,2026-03-02T08:10:00,live,4.18,15.854514,80.264024
LOG-019,R-019,2026-03-02T06:06:00,2026-03-02T06:07:00,live,3.31,15.913574,80.33298
LOG-019,R-019,2026-03-02T06:12:00,2026-03-02T06:14:00,live,3.9,,
LOG-019,R-019,2026-03-02T06:18:00,2026-03-02T06:18:00,live,,15.914085,80.334439
LOG-019,R-019,2026-03-02T06:31:00,2026-03-02T06:32:00,live,3.6,15.928631,80.315693
LOG-019,R-019,2026-03-02T06:37:00,2026-03-02T10:54:00,delayed,3.19,15.930064,80.314475
LOG-019,R-019,2026-03-02T06:43:00,2026-03-02T06:45:00,live,3.26,15.929996,80.313471
LOG-019,R-019,2026-03-02T07:14:00,2026-03-02T07:16:00,live,7.09,,
LOG-019,R-019,2026-03-02T07:20:00,2026-03-02T07:23:00,live,9.33,15.951219,80.309503
LOG-019,R-019,2026-03-02T07:26:00,2026-03-02T07:27:00,live,8.55,15.951357,80.309435
LOG-019,R-019,2026-03-02T07:36:00,2026-03-02T07:37:00,live,7.39,,
LOG-019,R-019,2026-03-02T07:42:00,2026-03-02T07:42:00,live,8.43,15.948346,80.301042
LOG-019,R-019,2026-03-02T07:48:00,2026-03-02T07:50:00,live,8.85,15.947596,80.301342
LOG-019,R-019,2026-03-02T07:49:00,2026-03-02T07:50:00,live,8.93,15.941622,80.295866
LOG-019,R-019,2026-03-02T07:55:00,2026-03-02T07:55:00,live,6.8,15.942537,80.296031
LOG-019,R-019,2026-03-02T08:01:00,2026-03-02T08:02:00,live,9.34,15.942287,80.295855
LOG-019,R-019,2026-03-02T08:22:00,2026-03-02T12:04:00,delayed,8.27,15.936347,80.280206
LOG-019,R-019,2026-03-02T08:28:00,2026-03-02T09:55:00,delayed,8.93,15.936575,80.278506
LOG-019,R-019,2026-03-02T08:34:00,2026-03-02T11:17:00,delayed,,15.935439,80.280488
LOG-019,R-019,2026-03-02T09:04:00,2026-03-02T09:06:00,live,6.57,15.910346,80.299952
LOG-019,R-019,2026-03-02T09:10:00,2026-03-02T09:11:00,live,7.62,,
LOG-019,R-019,2026-03-02T09:16:00,2026-03-02T09:18:00,live,8.7,15.909632,80.299192
LOG-020,R-020,2026-03-02T06:03:00,2026-03-02T06:04:00,live,4.7,15.910113,80.261683
LOG-020,R-020,2026-03-02T06:09:00,2026-03-02T12:34:00,delayed,4.28,15.910463,80.260598
LOG-020,R-020,2026-03-02T06:15:00,2026-03-02T06:17:00,live,4.96,,
LOG-020,R-020,2026-03-02T06:16:00,2026-03-02T06:17:00,live,,15.913457,80.250968
LOG-020,R-020,2026-03-02T06:22:00,2026-03-02T06:23:00,live,7.98,,
LOG-020,R-020,2026-03-02T06:28:00,2026-03-02T06:28:00,live,6.72,15.912181,80.250687
LOG-020,R-020,2026-03-02T06:44:00,2026-03-02T06:47:00,live,9.43,15.904961,80.244346
LOG-020,R-020,2026-03-02T06:50:00,2026-03-02T10:34:00,delayed,6.99,,
LOG-020,R-020,2026-03-02T06:56:00,2026-03-02T06:56:00,live,8.16,15.90273,80.243617
LOG-020,R-020,2026-03-02T06:59:00,2026-03-02T07:02:00,live,6.96,15.889473,80.278053
LOG-020,R-020,2026-03-02T07:05:00,2026-03-02T07:07:00,live,6.58,,
LOG-020,R-020,2026-03-02T07:11:00,2026-03-02T07:13:00,live,7.91,15.889819,80.27951
LOG-020,R-020,2026-03-02T07:18:00,2026-03-02T07:18:00,live,7.29,15.859787,80.247
LOG-020,R-020,2026-03-02T07:24:00,2026-03-02T07:27:00,live,7.53,15.860836,80.247106
LOG-020,R-020,2026-03-02T07:30:00,2026-03-02T07:33:00,live,7.76,15.860073,80.246138
LOG-020,R-020,2026-03-02T07:27:00,2026-03-02T07:28:00,live,6.6,15.869505,80.229695
LOG-020,R-020,2026-03-02T07:33:00,2026-03-02T07:34:00,live,8.77,15.869752,80.230264
LOG-020,R-020,2026-03-02T07:39:00,2026-03-02T12:33:00,delayed,6.74,15.869442,80.229629
LOG-020,R-020,2026-03-02T07:43:00,2026-03-02T07:46:00,live,9.07,,
LOG-020,R-020,2026-03-02T07:49:00,2026-03-02T10:07:00,delayed,6.95,15.863689,80.235129
LOG-020,R-020,2026-03-02T07:55:00,2026-03-02T07:58:00,live,6.8,15.862992,80.234864
LOG-021,R-021,2026-03-02T06:12:00,2026-03-02T06:14:00,live,4.49,,
LOG-021,R-021,2026-03-02T06:18:00,2026-03-02T06:19:00,live,3.62,15.919526,80.283855
LOG-021,R-021,2026-03-02T06:24:00,2026-03-02T06:27:00,live,3.27,15.921109,80.283646
LOG-021,R-021,2026-03-02T06:32:00,2026-03-02T06:33:00,live,4.65,15.914611,80.255439
LOG-021,R-021,2026-03-02T06:38:00,2026-03-02T06:38:00,live,3.13,15.913294,80.255266
LOG-021,R-021,2026-03-02T06:44:00,2026-03-02T08:05:00,delayed,3.35,,
LOG-021,R-021,2026-03-02T06:50:00,2026-03-02T06:53:00,live,4.01,,
LOG-021,R-021,2026-03-02T06:56:00,2026-03-02T11:50:00,delayed,3.36,15.926974,80.240719
LOG-021,R-021,2026-03-02T07:02:00,2026-03-02T11:11:00,delayed,4.5,15.926932,80.2407
LOG-021,R-021,2026-03-02T07:09:00,2026-03-02T07:10:00,live,-2.08,15.897446,80.241999
LOG-021,R-021,2026-03-02T07:15:00,2026-03-02T07:18:00,live,3.5,15.897964,80.242884
LOG-021,R-021,2026-03-02T07:21:00,2026-03-02T07:24:00,live,4.79,15.897856,80.241683
LOG-021,R-021,2026-03-02T07:41:00,2026-03-02T07:43:00,live,8.18,15.897543,80.231131
LOG-021,R-021,2026-03-02T07:47:00,2026-03-02T07:49:00,live,8.42,15.897444,80.23088
LOG-021,R-021,2026-03-02T07:53:00,2026-03-02T07:56:00,live,,15.898118,80.231626
LOG-021,R-021,2026-03-02T07:55:00,2026-03-02T07:56:00,live,7.28,,
LOG-021,R-021,2026-03-02T08:01:00,2026-03-02T08:03:00,live,8.64,15.88625,80.250092
LOG-021,R-021,2026-03-02T08:07:00,2026-03-02T10:48:00,delayed,9.04,15.886212,80.251632
LOG-022,R-022,2026-03-02T06:15:00,2026-03-02T06:15:00,live,3.52,15.932845,80.297228
LOG-022,R-022,2026-03-02T06:21:00,2026-03-02T06:24:00,live,3.94,15.932349,80.296198
LOG-022,R-022,2026-03-02T06:27:00,2026-03-02T06:30:00,live,3.11,15.931916,80.29703
LOG-022,R-022,2026-03-02T06:32:00,2026-03-02T06:33:00,live,4.26,,
LOG-022,R-022,2026-03-02T06:38:00,2026-03-02T14:32:00,delayed,4.15,15.938986,80.267632
LOG-022,R-022,2026-03-02T06:44:00,2026-03-02T10:38:00,delayed,4.27,15.938857,80.268395
LOG-022,R-022,2026-03-02T06:59:00,2026-03-02T16:04:00,delayed,1.64,15.936296,80.243974
LOG-022,R-022,2026-03-02T07:05:00,2026-03-02T07:07:00,live,7.0,15.936449,80.243147
LOG-022,R-022,2026-03-02T07:11:00,2026-03-02T07:12:00,live,8.56,15.937706,80.245073
LOG-022,R-022,2026-03-02T07:09:00,2026-03-02T07:11:00,live,2.64,15.935471,80.252695
LOG-022,R-022,2026-03-02T07:15:00,2026-03-02T07:15:00,live,,,
LOG-022,R-022,2026-03-02T07:21:00,2026-03-02T08:00:00,delayed,7.75,15.93632,80.253127
LOG-022,R-022,2026-03-02T07:38:00,2026-03-02T10:04:00,delayed,6.91,15.921711,80.273111
LOG-022,R-022,2026-03-02T07:44:00,2026-03-02T07:46:00,live,7.99,15.920286,80.273237
LOG-022,R-022,2026-03-02T07:50:00,2026-03-02T07:50:00,live,15.03,15.920166,80.272832
LOG-023,R-023,2026-03-02T06:17:00,2026-03-02T07:27:00,delayed,4.98,,
LOG-023,R-023,2026-03-02T06:23:00,2026-03-02T07:39:00,delayed,4.7,15.921751,80.323441
LOG-023,R-023,2026-03-02T06:29:00,2026-03-02T06:31:00,live,3.02,15.922375,80.323405
LOG-023,R-023,2026-03-02T06:51:00,2026-03-02T06:54:00,live,7.7,15.937678,80.358541
LOG-023,R-023,2026-03-02T06:57:00,2026-03-02T06:58:00,live,8.89,,
LOG-023,R-023,2026-03-02T07:03:00,2026-03-02T07:05:00,live,9.23,15.936306,80.356661
LOG-023,R-023,2026-03-02T07:30:00,2026-03-02T07:31:00,live,7.82,,
LOG-023,R-023,2026-03-02T07:36:00,2026-03-02T12:20:00,delayed,8.51,15.970336,80.326572
LOG-023,R-023,2026-03-02T07:42:00,2026-03-02T07:42:00,live,8.49,15.968014,80.325607
LOG-023,R-023,2026-03-02T08:08:00,2026-03-02T08:09:00,live,7.0,15.963981,80.316672
LOG-023,R-023,2026-03-02T08:14:00,2026-03-02T08:14:00,live,,15.963687,80.316085
LOG-023,R-023,2026-03-02T08:20:00,2026-03-02T15:52:00,delayed,7.84,15.964155,80.314684
LOG-023,R-023,2026-03-02T08:37:00,2026-03-02T08:39:00,live,8.36,15.952403,80.340927
LOG-023,R-023,2026-03-02T08:43:00,2026-03-02T08:46:00,live,6.66,15.953877,80.340761
LOG-023,R-023,2026-03-02T08:49:00,,lost,7.59,15.952281,80.340151
LOG-023,R-023,2026-03-02T09:04:00,2026-03-02T09:06:00,live,9.19,15.976682,80.338791
LOG-023,R-023,2026-03-02T09:10:00,2026-03-02T09:12:00,live,7.06,15.97722,80.339703
LOG-023,R-023,2026-03-02T09:16:00,2026-03-02T09:19:00,live,7.74,15.9765,80.338732
LOG-024,R-024,2026-03-02T05:46:00,2026-03-02T05:47:00,live,4.02,15.913245,80.310637
LOG-024,R-024,2026-03-02T05:52:00,2026-03-02T05:55:00,live,3.21,15.91346,80.312597
LOG-024,R-024,2026-03-02T05:58:00,2026-03-02T06:00:00,live,4.96,15.91339,80.312904
LOG-024,R-024,2026-03-02T06:04:00,2026-03-02T06:05:00,live,4.77,15.926005,80.294791
LOG-024,R-024,2026-03-02T06:10:00,2026-03-02T06:11:00,live,3.4,15.925895,80.294763
LOG-024,R-024,2026-03-02T06:16:00,2026-03-02T06:19:00,live,4.01,,
LOG-024,R-024,2026-03-02T06:40:00,2026-03-02T13:40:00,delayed,4.07,,
LOG-024,R-024,2026-03-02T06:46:00,2026-03-02T12:09:00,delayed,3.29,15.950193,80.298034
LOG-024,R-024,2026-03-02T06:52:00,2026-03-02T16:36:00,delayed,,15.948656,80.297231
LOG-024,R-024,2026-03-02T07:03:00,2026-03-02T07:05:00,live,4.48,15.958054,80.298955
LOG-024,R-024,2026-03-02T07:09:00,2026-03-02T07:09:00,live,9.94,15.957821,80.299729
LOG-024,R-024,2026-03-02T07:15:00,2026-03-02T07:16:00,live,3.03,15.956842,80.299341
LOG-024,R-024,2026-03-02T07:36:00,2026-03-02T09:22:00,delayed,4.21,15.950239,80.307258
LOG-024,R-024,2026-03-02T07:42:00,2026-03-02T07:44:00,live,3.37,15.948373,80.307611
LOG-024,R-024,2026-03-02T07:48:00,2026-03-02T07:49:00,live,3.26,15.950331,80.308853
LOG-025,R-025,2026-03-02T06:11:00,2026-03-02T06:14:00,live,4.91,15.877414,80.28728
LOG-025,R-025,2026-03-02T06:17:00,2026-03-02T06:18:00,live,3.18,15.878576,80.287776
LOG-025,R-025,2026-03-02T06:23:00,2026-03-02T06:23:00,live,4.9,15.878125,80.287677
LOG-025,R-025,2026-03-02T06:28:00,2026-03-02T06:28:00,live,4.23,15.857433,80.275785
LOG-025,R-025,2026-03-02T06:34:00,2026-03-02T06:36:00,live,3.77,15.857496,80.274471
LOG-025,R-025,2026-03-02T06:40:00,2026-03-02T06:42:00,live,4.03,15.858387,80.275445
LOG-025,R-025,2026-03-02T07:03:00,2026-03-02T14:47:00,delayed,4.07,15.880145,80.270426
LOG-025,R-025,2026-03-02T07:09:00,2026-03-02T07:12:00,live,4.67,15.879831,80.27202
LOG-025,R-025,2026-03-02T07:15:00,2026-03-02T07:17:00,live,4.29,15.87946,80.271816
LOG-025,R-025,2026-03-02T07:11:00,2026-03-02T07:14:00,live,4.12,15.893078,80.270598
LOG-025,R-025,2026-03-02T07:17:00,2026-03-02T07:17:00,live,-2.27,15.891985,80.271153
LOG-025,R-025,2026-03-02T07:23:00,2026-03-02T07:25:00,live,4.4,,
LOG-025,R-025,2026-03-02T07:55:00,2026-03-02T15:05:00,delayed,3.79,15.86069,80.273912
LOG-025,R-025,2026-03-02T08:01:00,2026-03-02T08:03:00,live,4.59,15.860133,80.271754
LOG-025,R-025,2026-03-02T08:07:00,2026-03-02T08:07:00,live,,15.859204,80.273197
LOG-025,R-025,2026-03-02T08:14:00,2026-03-02T08:14:00,live,4.7,15.871194,80.261997
LOG-025,R-025,2026-03-02T08:20:00,2026-03-02T08:23:00,live,3.36,15.869189,80.264035
LOG-025,R-025,2026-03-02T08:26:00,2026-03-02T17:14:00,delayed,4.29,15.871038,80.26275
LOG-025,R-025,2026-03-02T08:40:00,2026-03-02T08:42:00,live,3.2,15.872598,80.255933
LOG-025,R-025,2026-03-02T08:46:00,2026-03-02T08:47:00,live,4.39,15.873963,80.256136
LOG-025,R-025,2026-03-02T08:52:00,2026-03-02T08:54:00,live,3.01,15.871859,80.256605
LOG-026,R-026,2026-03-02T06:04:00,2026-03-02T06:04:00,live,4.68,15.892594,80.313793
LOG-026,R-026,2026-03-02T06:10:00,2026-03-02T06:13:00,live,4.45,15.892917,80.314029
LOG-026,R-026,2026-03-02T06:16:00,2026-03-02T06:19:00,live,,15.892715,80.312279
LOG-026,R-026,2026-03-02T06:24:00,2026-03-02T06:27:00,live,4.54,15.881443,80.284801
LOG-026,R-026,2026-03-02T06:30:00,2026-03-02T15:46:00,delayed,-3.66,15.881789,80.28459
LOG-026,R-026,2026-03-02T06:36:00,2026-03-02T06:37:00,live,3.28,15.88174,80.28641
LOG-026,R-026,2026-03-02T06:33:00,2026-03-02T13:12:00,delayed,3.98,,
LOG-026,R-026,2026-03-02T06:39:00,2026-03-02T06:39:00,live,3.78,,
LOG-026,R-026,2026-03-02T06:45:00,2026-03-02T06:46:00,live,4.41,15.877512,80.281006
LOG-026,R-026,2026-03-02T06:59:00,2026-03-02T07:01:00,live,4.67,15.899534,80.273331
LOG-026,R-026,2026-03-02T07:05:00,,lost,4.63,15.901259,80.271783
LOG-026,R-026,2026-03-02T07:11:00,2026-03-02T07:12:00,live,4.76,15.899329,80.273793
LOG-026,R-026,2026-03-02T07:33:00,2026-03-02T07:36:00,live,4.32,,
LOG-026,R-026,2026-03-02T07:39:00,2026-03-02T10:53:00,delayed,3.42,,
LOG-026,R-026,2026-03-02T07:45:00,2026-03-02T11:19:00,delayed,3.27,15.900828,80.274152
LOG-026,R-026,2026-03-02T08:03:00,2026-03-02T16:35:00,delayed,4.76,15.901653,80.299506
LOG-026,R-026,2026-03-02T08:09:00,2026-03-02T08:10:00,live,4.73,15.902199,80.298874
LOG-026,R-026,2026-03-02T08:15:00,2026-03-02T08:15:00,live,4.25,15.901723,80.299199
LOG-026,R-026,2026-03-02T08:11:00,2026-03-02T08:12:00,live,4.05,15.895231,80.292151
LOG-026,R-026,2026-03-02T08:17:00,2026-03-02T08:17:00,live,,15.896544,80.293193
LOG-026,R-026,2026-03-02T08:23:00,,lost,3.19,15.895602,80.293362
LOG-026,R-026,2026-03-02T08:47:00,2026-03-02T17:30:00,delayed,,15.867236,80.274459
LOG-026,R-026,2026-03-02T08:53:00,2026-03-02T08:53:00,live,4.58,15.867734,80.276448
LOG-026,R-026,2026-03-02T08:59:00,2026-03-02T18:45:00,delayed,3.85,15.8673,80.276232
LOG-027,R-027,2026-03-02T05:38:00,2026-03-02T05:41:00,live,3.63,15.880945,80.278261
LOG-027,R-027,2026-03-02T05:44:00,2026-03-02T15:39:00,delayed,4.13,15.880032,80.277994
LOG-027,R-027,2026-03-02T05:50:00,2026-03-02T05:52:00,live,4.57,15.879859,80.27668
LOG-027,R-027,2026-03-02T05:56:00,2026-03-02T10:05:00,delayed,4.32,15.880061,80.28985
LOG-027,R-027,2026-03-02T06:02:00,2026-03-02T06:02:00,live,4.02,15.879234,80.289663
LOG-027,R-027,2026-03-02T06:08:00,2026-03-02T14:03:00,delayed,,,
LOG-027,R-027,2026-03-02T06:13:00,2026-03-02T06:13:00,live,3.08,15.908753,80.307348
LOG-027,R-027,2026-03-02T06:19:00,2026-03-02T15:39:00,delayed,4.89,15.909156,80.308546
LOG-027,R-027,2026-03-02T06:25:00,2026-03-02T06:26:00,live,-2.89,15.908243,80.309388
LOG-027,R-027,2026-03-02T06:40:00,2026-03-02T08:42:00,delayed,3.79,15.952898,80.323745
LOG-027,R-027,2026-03-02T06:46:00,2026-03-02T06:48:00,live,4.1,15.953483,80.322505
LOG-027,R-027,2026-03-02T06:52:00,,lost,3.45,15.952767,80.324503
LOG-027,R-027,2026-03-02T07:01:00,2026-03-02T07:03:00,live,3.59,15.919116,80.326905
LOG-027,R-027,2026-03-02T07:07:00,2026-03-02T07:10:00,live,4.39,15.917691,80.325942
LOG-027,R-027,2026-03-02T07:13:00,2026-03-02T07:16:00,live,4.36,15.919396,80.326114
LOG-027,R-027,2026-03-02T07:39:00,2026-03-02T07:39:00,live,4.35,15.936701,80.337318
LOG-027,R-027,2026-03-02T07:45:00,2026-03-02T07:47:00,live,4.4,15.934908,80.336129
LOG-027,R-027,2026-03-02T07:51:00,2026-03-02T07:53:00,live,3.15,15.934671,80.3385
LOG-027,R-027,2026-03-02T08:12:00,2026-03-02T08:14:00,live,4.47,15.945719,80.360719
LOG-027,R-027,2026-03-02T08:18:00,2026-03-02T08:18:00,live,3.31,15.946638,80.359283
LOG-027,R-027,2026-03-02T08:24:00,2026-03-02T08:27:00,live,,15.94671,80.36063
LOG-027,R-027,2026-03-02T08:36:00,2026-03-02T08:36:00,live,4.97,15.928744,80.390812
LOG-027,R-027,2026-03-02T08:42:00,2026-03-02T08:43:00,live,4.05,,
LOG-027,R-027,2026-03-02T08:48:00,,lost,3.91,15.928087,80.392847
LOG-027,R-027,2026-03-02T08:51:00,2026-03-02T08:53:00,live,4.23,15.896418,80.417505
LOG-027,R-027,2026-03-02T08:57:00,2026-03-02T09:00:00,live,3.73,15.896526,80.417734
LOG-027,R-027,2026-03-02T09:03:00,2026-03-02T11:15:00,delayed,3.56,15.898391,80.415885
LOG-028,R-028,2026-03-02T05:49:00,2026-03-02T05:51:00,live,4.79,15.91086,80.297039
LOG-028,R-028,2026-03-02T05:55:00,2026-03-02T10:45:00,delayed,4.12,15.911999,80.297424
LOG-028,R-028,2026-03-02T06:01:00,2026-03-02T06:03:00,live,3.95,15.912651,80.295451
LOG-028,R-028,2026-03-02T06:04:00,2026-03-02T11:25:00,delayed,4.93,15.876173,80.325471
LOG-028,R-028,2026-03-02T06:10:00,2026-03-02T06:13:00,live,3.71,15.876034,80.325214
LOG-028,R-028,2026-03-02T06:16:00,2026-03-02T06:18:00,live,4.23,15.875894,80.324623
LOG-028,R-028,2026-03-02T06:28:00,2026-03-02T06:30:00,live,3.14,15.861282,80.355461
LOG-028,R-028,2026-03-02T06:34:00,2026-03-02T06:37:00,live,4.21,15.862059,80.356339
LOG-028,R-028,2026-03-02T06:40:00,2026-03-02T06:40:00,live,,15.861692,80.357015
LOG-028,R-028,2026-03-02T06:35:00,2026-03-02T06:35:00,live,,15.845465,80.374822
LOG-028,R-028,2026-03-02T06:41:00,2026-03-02T06:42:00,live,3.21,15.846594,80.374782
LOG-028,R-028,2026-03-02T06:47:00,2026-03-02T06:47:00,live,3.49,15.847095,80.375283
LOG-028,R-028,2026-03-02T06:59:00,2026-03-02T07:02:00,live,4.83,15.83488,80.350948
LOG-028,R-028,2026-03-02T07:05:00,2026-03-02T07:08:00,live,3.27,15.834322,80.349663
LOG-028,R-028,2026-03-02T07:11:00,2026-03-02T07:11:00,live,4.05,15.836043,80.350966
LOG-028,R-028,2026-03-02T07:16:00,2026-03-02T07:16:00,live,3.02,15.825351,80.347529
LOG-028,R-028,2026-03-02T07:22:00,2026-03-02T07:24:00,live,4.38,15.823692,80.347084
LOG-028,R-028,2026-03-02T07:28:00,2026-03-02T07:31:00,live,4.19,15.824076,80.349332
LOG-029,R-029,2026-03-02T06:05:00,2026-03-02T06:07:00,live,4.23,15.912555,80.285054
LOG-029,R-029,2026-03-02T06:11:00,2026-03-02T06:14:00,live,3.83,15.913679,80.283054
LOG-029,R-029,2026-03-02T06:17:00,2026-03-02T15:54:00,delayed,3.54,,
LOG-029,R-029,2026-03-02T06:20:00,2026-03-02T06:23:00,live,-0.72,15.921351,80.280979
LOG-029,R-029,2026-03-02T06:26:00,2026-03-02T06:27:00,live,5.0,15.922129,80.281889
LOG-029,R-029,2026-03-02T06:32:00,2026-03-02T11:18:00,delayed,,15.922464,80.282247
LOG-029,R-029,2026-03-02T06:48:00,2026-03-02T08:54:00,delayed,3.77,15.93321,80.293775
LOG-029,R-029,2026-03-02T06:54:00,2026-03-02T06:56:00,live,4.04,15.933474,80.293327
LOG-029,R-029,2026-03-02T07:00:00,2026-03-02T15:42:00,delayed,3.32,15.934494,80.294886
LOG-029,R-029,2026-03-02T07:24:00,,lost,4.33,15.90806,80.269552
LOG-029,R-029,2026-03-02T07:30:00,2026-03-02T07:33:00,live,4.59,15.90949,80.270081
LOG-029,R-029,2026-03-02T07:36:00,2026-03-02T07:38:00,live,4.38,15.909167,80.269453
LOG-029,R-029,2026-03-02T08:05:00,2026-03-02T12:33:00,delayed,3.12,15.888544,80.273283
LOG-029,R-029,2026-03-02T08:11:00,2026-03-02T08:12:00,live,3.63,15.888161,80.274936
LOG-029,R-029,2026-03-02T08:17:00,2026-03-02T16:15:00,delayed,3.04,15.887917,80.274441
LOG-029,R-029,2026-03-02T08:34:00,2026-03-02T08:35:00,live,3.37,15.884612,80.272536
LOG-029,R-029,2026-03-02T08:40:00,2026-03-02T08:40:00,live,3.14,15.882724,80.271959
LOG-029,R-029,2026-03-02T08:46:00,2026-03-02T08:48:00,live,4.55,15.885265,80.272793
LOG-029,R-029,2026-03-02T09:05:00,2026-03-02T14:24:00,delayed,8.96,15.869858,80.305302
LOG-029,R-029,2026-03-02T09:11:00,2026-03-02T09:12:00,live,8.42,,
LOG-029,R-029,2026-03-02T09:17:00,2026-03-02T09:20:00,live,6.59,,
LOG-029,R-029,2026-03-02T09:33:00,2026-03-02T09:34:00,live,7.27,,
LOG-029,R-029,2026-03-02T09:39:00,2026-03-02T09:42:00,live,9.29,15.876735,80.276904
LOG-029,R-029,2026-03-02T09:45:00,2026-03-02T09:47:00,live,8.88,15.876421,80.277627
LOG-030,R-030,2026-03-02T06:19:00,2026-03-02T06:22:00,live,4.5,15.889027,80.298018
LOG-030,R-030,2026-03-02T06:25:00,2026-03-02T06:27:00,live,4.41,15.889261,80.298404
LOG-030,R-030,2026-03-02T06:31:00,2026-03-02T06:33:00,live,4.32,15.890129,80.298417
LOG-030,R-030,2026-03-02T06:54:00,2026-03-02T06:56:00,live,4.45,15.869764,80.308327
LOG-030,R-030,2026-03-02T07:00:00,2026-03-02T12:21:00,delayed,3.72,,
LOG-030,R-030,2026-03-02T07:06:00,2026-03-02T07:07:00,live,4.19,15.868347,80.308419
LOG-030,R-030,2026-03-02T07:21:00,2026-03-02T08:29:00,delayed,7.33,15.870241,80.316654
LOG-030,R-030,2026-03-02T07:27:00,2026-03-02T07:29:00,live,6.97,15.869781,80.315905
LOG-030,R-030,2026-03-02T07:33:00,2026-03-02T07:34:00,live,7.7,15.869562,80.315321
LOG-030,R-030,2026-03-02T08:06:00,2026-03-02T08:08:00,live,6.61,15.892041,80.330094
LOG-030,R-030,2026-03-02T08:12:00,2026-03-02T08:53:00,delayed,8.95,15.89327,80.33053
LOG-030,R-030,2026-03-02T08:18:00,2026-03-02T08:20:00,live,8.4,15.891522,80.330129
LOG-030,R-030,2026-03-02T08:12:00,2026-03-02T08:15:00,live,9.41,,
LOG-030,R-030,2026-03-02T08:18:00,2026-03-02T08:21:00,live,7.51,15.898317,80.330103
LOG-030,R-030,2026-03-02T08:24:00,2026-03-02T08:25:00,live,8.82,15.899341,80.329566
LOG-030,R-030,2026-03-02T08:25:00,2026-03-02T08:27:00,live,7.47,15.885396,80.34285
LOG-030,R-030,2026-03-02T08:31:00,2026-03-02T08:34:00,live,7.53,15.885496,80.342766
LOG-030,R-030,2026-03-02T08:37:00,2026-03-02T10:34:00,delayed,7.82,15.887055,80.342288
