batch_id,route_id,overall_status,completeness_score,cold_chain,location,calibration,custody,route_completion,sync_integrity
B-001,R-001,FAIL,1.0,FAIL,PASS,PASS,PASS,PASS,PASS
B-002,R-002,FAIL,1.0,FAIL,PASS,FAIL,PASS,NEEDS_REVIEW,PASS
B-003,R-003,PASS,1.0,PASS,PASS,PASS,PASS,PASS,PASS
B-004,R-004,NEEDS_REVIEW,1.0,NEEDS_REVIEW,PASS,PASS,PASS,PASS,NEEDS_REVIEW
B-005,R-005,NEEDS_REVIEW,1.0,PASS,PASS,PASS,PASS,PASS,NEEDS_REVIEW
B-006,R-006,FAIL,1.0,FAIL,PASS,FAIL,PASS,PASS,NEEDS_REVIEW
B-007,R-007,FAIL,1.0,NEEDS_REVIEW,PASS,FAIL,PASS,PASS,NEEDS_REVIEW
B-008,R-008,FAIL,1.0,FAIL,PASS,PASS,PASS,NEEDS_REVIEW,PASS
B-009,R-009,NEEDS_REVIEW,1.0,NEEDS_REVIEW,PASS,PASS,PASS,NEEDS_REVIEW,PASS
B-010,R-010,NEEDS_REVIEW,0.83,NEEDS_REVIEW,PASS,PASS,NEEDS_REVIEW,PASS,NEEDS_REVIEW
B-011,R-011,NEEDS_REVIEW,1.0,PASS,PASS,PASS,PASS,NEEDS_REVIEW,NEEDS_REVIEW
B-012,R-012,NEEDS_REVIEW,1.0,NEEDS_REVIEW,PASS,PASS,PASS,PASS,PASS
B-013,R-013,NEEDS_REVIEW,1.0,NEEDS_REVIEW,PASS,PASS,PASS,NEEDS_REVIEW,PASS
B-014,R-014,NEEDS_REVIEW,1.0,NEEDS_REVIEW,PASS,PASS,PASS,NEEDS_REVIEW,NEEDS_REVIEW
B-015,R-015,FAIL,1.0,NEEDS_REVIEW,PASS,FAIL,PASS,PASS,PASS
B-016,R-016,NEEDS_REVIEW,1.0,NEEDS_REVIEW,PASS,PASS,PASS,PASS,PASS
B-017,R-017,NEEDS_REVIEW,1.0,NEEDS_REVIEW,PASS,PASS,PASS,PASS,PASS
B-018,R-018,NEEDS_REVIEW,1.0,NEEDS_REVIEW,PASS,PASS,PASS,PASS,NEEDS_REVIEW
B-019,R-019,FAIL,1.0,FAIL,PASS,PASS,PASS,NEEDS_REVIEW,PASS
B-020,R-020,FAIL,1.0,FAIL,PASS,PASS,PASS,NEEDS_REVIEW,PASS
B-021,R-021,FAIL,0.83,FAIL,PASS,PASS,NEEDS_REVIEW,PASS,PASS
B-022,R-022,FAIL,1.0,FAIL,PASS,PASS,PASS,PASS,PASS
B-023,R-023,FAIL,1.0,FAIL,PASS,PASS,PASS,PASS,NEEDS_REVIEW
B-024,R-024,NEEDS_REVIEW,1.0,NEEDS_REVIEW,PASS,PASS,PASS,PASS,PASS
B-025,R-025,NEEDS_REVIEW,0.83,NEEDS_REVIEW,PASS,PASS,NEEDS_REVIEW,PASS,PASS
B-026,R-026,NEEDS_REVIEW,1.0,NEEDS_REVIEW,PASS,PASS,PASS,NEEDS_REVIEW,NEEDS_REVIEW
B-027,R-027,NEEDS_REVIEW,1.0,NEEDS_REVIEW,PASS,PASS,PASS,NEEDS_REVIEW,NEEDS_REVIEW
B-028,R-028,NEEDS_REVIEW,0.83,PASS,PASS,PASS,NEEDS_REVIEW,NEEDS_REVIEW,PASS
B-029,R-029,FAIL,1.0,FAIL,PASS,PASS,PASS,NEEDS_REVIEW,NEEDS_REVIEW
B-030,R-030,FAIL,1.0,FAIL,PASS,PASS,PASS,NEEDS_REVIEW,PASS
